"state","county","deaths","pop"
"ALABAMA","AUTAUGA",2,61921
"ALABAMA","BALDWIN",7,170945
"ALABAMA","BARBOUR",0,33316
"ALABAMA","BIBB",0,30152
"ALABAMA","BLOUNT",3,88342
"ALABAMA","BULLOCK",0,8313
"ALABAMA","BUTLER",0,31963
"ALABAMA","CALHOUN",9,243105
"ALABAMA","CHAMBERS",7,59985
"ALABAMA","CHEROKEE",0,43401
"ALABAMA","CHILTON",2,65792
"ALABAMA","CHOCTAW",1,22741
"ALABAMA","CLARKE",1,38611
"ALABAMA","CLAY",3,27846
"ALABAMA","CLEBURNE",2,29718
"ALABAMA","COFFEE",3,80334
"ALABAMA","COLBERT",3,108797
"ALABAMA","CONECUH",2,22009
"ALABAMA","COOSA",2,18003
"ALABAMA","COVINGTON",4,76229
"ALABAMA","CRENSHAW",1,24885
"ALABAMA","CULLMAN",9,150894
"ALABAMA","DALE",0,102940
"ALABAMA","DALLAS",3,56506
"ALABAMA","DE.KALB",5,127659
"ALABAMA","ELMORE",2,84767
"ALABAMA","ESCAMBIA",3,63039
"ALABAMA","ETOWAH",8,212029
"ALABAMA","FAYETTE",0,40023
"ALABAMA","FRANKLIN",7,65356
"ALABAMA","GENEVA",3,50623
"ALABAMA","GREENE",0,5657
"ALABAMA","HALE",0,14014
"ALABAMA","HENRY",0,22904
"ALABAMA","HOUSTON",3,142039
"ALABAMA","JACKSON",7,118182
"ALABAMA","JEFFERSON",58,1041498
"ALABAMA","LAMAR",1,35084
"ALABAMA","LAUDERDALE",4,175112
"ALABAMA","LAWRENCE",4,61661
"ALABAMA","LEE",4,150403
"ALABAMA","LIMESTONE",3,97851
"ALABAMA","LOWNDES",0,7751
"ALABAMA","MACON",1,10456
"ALABAMA","MADISON",16,395440
"ALABAMA","MARENGO",3,28332
"ALABAMA","MARION",4,72342
"ALABAMA","MARSHALL",5,158659
"ALABAMA","MOBILE",23,615192
"ALABAMA","MONROE",0,31423
"ALABAMA","MONTGOMERY",9,284824
"ALABAMA","MORGAN",7,199704
"ALABAMA","PERRY",1,13873
"ALABAMA","PICKENS",4,30717
"ALABAMA","PIKE",1,43597
"ALABAMA","RANDOLPH",2,36537
"ALABAMA","RUSSELL",5,68558
"ALABAMA","SAINT.CLAIR",3,94195
"ALABAMA","SHELBY",1,157152
"ALABAMA","SUMTER",0,12791
"ALABAMA","TALLADEGA",7,124823
"ALABAMA","TALLAPOOSA",8,67871
"ALABAMA","TUSCALOOSA",14,248411
"ALABAMA","WALKER",11,153192
"ALABAMA","WASHINGTON",0,28730
"ALABAMA","WILCOX",2,11144
"ALABAMA","WINSTON",2,53346
"ALASKA","Alaska",20,955140
"ARIZONA","APACHE",2,31666
"ARIZONA","COCHISE",6,205855
"ARIZONA","COCONINO",1,140337
"ARIZONA","GILA",2,80228
"ARIZONA","GRAHAM",7,51342
"ARIZONA","GREENLEE",2,27215
"ARIZONA","MARICOPA",172,3728024
"ARIZONA","MOHAVE",8,149437
"ARIZONA","NAVAJO",4,85480
"ARIZONA","PIMA",68,1279446
"ARIZONA","PINAL",8,211886
"ARIZONA","SANTA.CRUZ",5,50366
"ARIZONA","YAVAPAI",14,176766
"ARIZONA","YUMA",8,223082
"ARKANSAS","ARKANSAS",1,46225
"ARKANSAS","ASHLEY",3,46592
"ARKANSAS","BAXTER",5,67372
"ARKANSAS","BENTON",5,193157
"ARKANSAS","BOONE",5,63365
"ARKANSAS","BRADLEY",0,22293
"ARKANSAS","CALHOUN",0,10831
"ARKANSAS","CARROLL",1,39753
"ARKANSAS","CHICOT",1,19774
"ARKANSAS","CLARK",2,43324
"ARKANSAS","CLAY",5,48002
"ARKANSAS","CLEBURNE",3,42470
"ARKANSAS","CLEVELAND",0,16319
"ARKANSAS","COLUMBIA",3,41799
"ARKANSAS","CONWAY",3,39711
"ARKANSAS","CRAIGHEAD",8,144315
"ARKANSAS","CRAWFORD",8,88475
"ARKANSAS","CRITTENDEN",0,68034
"ARKANSAS","CROSS",1,37277
"ARKANSAS","DALLAS",0,15660
"ARKANSAS","DESHA",0,26539
"ARKANSAS","DREW",0,31871
"ARKANSAS","FAULKNER",6,106008
"ARKANSAS","FRANKLIN",1,35824
"ARKANSAS","FULTON",2,24067
"ARKANSAS","GARLAND",10,154925
"ARKANSAS","GRANT",1,30939
"ARKANSAS","GREENE",5,74064
"ARKANSAS","HEMPSTEAD",1,39065
"ARKANSAS","HOT.SPRING",0,57208
"ARKANSAS","HOWARD",0,25969
"ARKANSAS","INDEPENDENCE",3,73710
"ARKANSAS","IZARD",2,26129
"ARKANSAS","JACKSON",1,44210
"ARKANSAS","JEFFERSON",11,128789
"ARKANSAS","JOHNSON",4,42421
"ARKANSAS","LAFAYETTE",0,14603
"ARKANSAS","LAWRENCE",1,43826
"ARKANSAS","LEE",1,16598
"ARKANSAS","LINCOLN",1,23076
"ARKANSAS","LITTLE.RIVER",2,25659
"ARKANSAS","LOGAN",2,48903
"ARKANSAS","LONOKE",7,75872
"ARKANSAS","MADISON",1,28258
"ARKANSAS","MARION",4,27898
"ARKANSAS","MILLER",2,70193
"ARKANSAS","MISSISSIPPI",5,105034
"ARKANSAS","MONROE",0,19392
"ARKANSAS","MONTGOMERY",0,18761
"ARKANSAS","NEVADA",1,18204
"ARKANSAS","NEWTON",0,19296
"ARKANSAS","OUACHITA",2,47424
"ARKANSAS","PERRY",1,18064
"ARKANSAS","PHILLIPS",4,37271
"ARKANSAS","PIKE",3,23713
"ARKANSAS","POINSETT",3,59206
"ARKANSAS","POLK",3,41473
"ARKANSAS","POPE",2,96029
"ARKANSAS","PRAIRIE",0,21462
"ARKANSAS","PULASKI",38,618920
"ARKANSAS","RANDOLPH",5,39464
"ARKANSAS","SAINT.FRANCIS",2,39269
"ARKANSAS","SALINE",3,131550
"ARKANSAS","SCOTT",3,23608
"ARKANSAS","SEARCY",1,21238
"ARKANSAS","SEBASTIAN",11,211660
"ARKANSAS","SEVIER",2,31979
"ARKANSAS","SHARP",4,34922
"ARKANSAS","STONE",1,22387
"ARKANSAS","UNION",3,81455
"ARKANSAS","VAN.BUREN",2,33025
"ARKANSAS","WASHINGTON",10,246005
"ARKANSAS","WHITE",3,120792
"ARKANSAS","WOODRUFF",0,18088
"ARKANSAS","YELL",1,40811
"CALIFORNIA","ALAMEDA",87,1992399
"CALIFORNIA","ALPINE",0,2586
"CALIFORNIA","AMADOR",3,50750
"CALIFORNIA","BUTTE",27,352665
"CALIFORNIA","CALAVERAS",1,54753
"CALIFORNIA","COLUSA",1,32609
"CALIFORNIA","CONTRA.COSTA",70,1396858
"CALIFORNIA","DEL.NORTE",2,43238
"CALIFORNIA","EL.DORADO",14,222795
"CALIFORNIA","FRESNO",39,1192909
"CALIFORNIA","GLENN",4,53729
"CALIFORNIA","HUMBOLDT",19,255346
"CALIFORNIA","IMPERIAL",9,219462
"CALIFORNIA","INYO",1,40528
"CALIFORNIA","KERN",40,976502
"CALIFORNIA","KINGS",6,180750
"CALIFORNIA","LAKE",12,93785
"CALIFORNIA","LASSEN",1,56655
"CALIFORNIA","LOS.ANGELES",647,15266402
"CALIFORNIA","MADERA",6,161537
"CALIFORNIA","MARIN",25,512111
"CALIFORNIA","MARIPOSA",3,28203
"CALIFORNIA","MENDOCINO",6,163527
"CALIFORNIA","MERCED",14,324084
"CALIFORNIA","MODOC",1,21841
"CALIFORNIA","MONO",0,23364
"CALIFORNIA","MONTEREY",19,660660
"CALIFORNIA","NAPA",13,236568
"CALIFORNIA","NEVADA",10,140258
"CALIFORNIA","ORANGE",183,4638943
"CALIFORNIA","PLACER",16,299857
"CALIFORNIA","PLUMAS",3,43238
"CALIFORNIA","RIVERSIDE",89,1623058
"CALIFORNIA","SACRAMENTO",92,1706528
"CALIFORNIA","SAN.BENITO",4,65003
"CALIFORNIA","SAN.BERNARDINO",101,2153429
"CALIFORNIA","SAN.DIEGO",199,4380935
"CALIFORNIA","SAN.FRANCISCO",72,1115035
"CALIFORNIA","SAN.JOAQUIN",49,788363
"CALIFORNIA","SAN.LUIS.OBISP",14,397016
"CALIFORNIA","SAN.MATEO",55,1201618
"CALIFORNIA","SANTA.BARBARA",23,717655
"CALIFORNIA","SANTA.CLARA",91,2862542
"CALIFORNIA","SANTA.CRUZ",14,461283
"CALIFORNIA","SHASTA",11,285477
"CALIFORNIA","SIERRA",1,7980
"CALIFORNIA","SISKIYOU",4,95979
"CALIFORNIA","SOLANO",12,499481
"CALIFORNIA","SONOMA",27,728450
"CALIFORNIA","STANISLAUS",29,649086
"CALIFORNIA","SUTTER",5,121465
"CALIFORNIA","TEHAMA",11,99184
"CALIFORNIA","TRINITY",1,29988
"CALIFORNIA","TULARE",20,605781
"CALIFORNIA","TUOLUMNE",4,87605
"CALIFORNIA","VENTURA",54,1302277
"CALIFORNIA","YOLO",17,266301
"CALIFORNIA","YUBA",5,113805
"COLORADO","ADAMS",21,603608
"COLORADO","ALAMOSA",2,29707
"COLORADO","ARAPAHOE",14,757801
"COLORADO","ARCHULETA",2,10574
"COLORADO","BACA",1,12897
"COLORADO","BENT",0,15091
"COLORADO","BOULDER",9,490764
"COLORADO","CHAFFEE",0,33384
"COLORADO","CHEYENNE",0,5632
"COLORADO","CLEAR.CREEK",1,20022
"COLORADO","CONEJOS",1,19007
"COLORADO","COSTILLA",0,7712
"COLORADO","CROWLEY",2,7529
"COLORADO","CUSTER",0,4148
"COLORADO","DELTA",4,55581
"COLORADO","DENVER",52,1034592
"COLORADO","DOLORES",1,4151
"COLORADO","DOUGLAS",2,74271
"COLORADO","EAGLE",0,41256
"COLORADO","EL.PASO",20,760385
"COLORADO","ELBERT",1,18638
"COLORADO","FREMONT",5,73643
"COLORADO","GARFIELD",1,66124
"COLORADO","GILPIN",1,7055
"COLORADO","GRAND",0,20611
"COLORADO","GUNNISON",1,28646
"COLORADO","HINSDALE",0,1262
"COLORADO","HUERFANO",0,16143
"COLORADO","JACKSON",0,4670
"COLORADO","JEFFERSON",22,953569
"COLORADO","KIOWA",1,4869
"COLORADO","KIT.CARSON",3,18864
"COLORADO","LA.PLATA",3,69971
"COLORADO","LAKE",1,21183
"COLORADO","LARIMER",10,382219
"COLORADO","LAS.ANIMAS",2,35840
"COLORADO","LINCOLN",1,11135
"COLORADO","LOGAN",1,48372
"COLORADO","MESA",5,220343
"COLORADO","MINERAL",0,2162
"COLORADO","MOFFAT",0,35329
"COLORADO","MONTEZUMA",2,39165
"COLORADO","MONTROSE",1,62224
"COLORADO","MORGAN",6,55815
"COLORADO","OTERO",3,53280
"COLORADO","OURAY",1,5100
"COLORADO","PARK",1,15151
"COLORADO","PHILLIPS",0,11128
"COLORADO","PITKIN",0,27557
"COLORADO","PROWERS",2,32563
"COLORADO","PUEBLO",15,295501
"COLORADO","RIO.BLANCO",0,17365
"COLORADO","RIO.GRANDE",0,26931
"COLORADO","ROUTT",1,36778
"COLORADO","SAGUACHE",1,10227
"COLORADO","SAN.JUAN",0,2474
"COLORADO","SAN.MIGUEL",0,8031
"COLORADO","SEDGWICK",0,7657
"COLORADO","SUMMIT",0,27205
"COLORADO","TELLER",1,22968
"COLORADO","WASHINGTON",0,13471
"COLORADO","WELD",8,305859
"COLORADO","YUMA",0,23774
"CONNECTICUT","FAIRFIELD",94,1771504
"CONNECTICUT","HARTFORD",85,1761750
"CONNECTICUT","LITCHFIELD",22,381150
"CONNECTICUT","MIDDLESEX",20,304656
"CONNECTICUT","NEW.HAVEN",107,1649100
"CONNECTICUT","NEW.LONDON",26,581800
"CONNECTICUT","TOLLAND",6,283711
"CONNECTICUT","WINDHAM",14,222404
"DELAWARE","KENT",3,198425
"DELAWARE","NEW.CASTLE",27,811475
"DELAWARE","SUSSEX",14,194618
"DISTRICT.OF.COLUMBIA","DISTRICT.OF.CO",22,437566
"FLORIDA","ALACHUA",5,319898
"FLORIDA","BAKER",0,34087
"FLORIDA","BAY",15,222386
"FLORIDA","BRADFORD",5,43905
"FLORIDA","BREVARD",36,668956
"FLORIDA","BROWARD",197,2212734
"FLORIDA","CALHOUN",0,19514
"FLORIDA","CHARLOTTE",16,154371
"FLORIDA","CITRUS",14,146051
"FLORIDA","CLAY",2,170245
"FLORIDA","COLLIER",22,229457
"FLORIDA","COLUMBIA",4,73570
"FLORIDA","DADE",227,3278943
"FLORIDA","DE.SOTO",3,40902
"FLORIDA","DIXIE",2,18904
"FLORIDA","DUVAL",44,1069748
"FLORIDA","ESCAMBIA",18,469586
"FLORIDA","FLAGLER",2,28372
"FLORIDA","FRANKLIN",1,17098
"FLORIDA","GADSDEN",2,40981
"FLORIDA","GILCHRIST",0,15495
"FLORIDA","GLADES",0,12628
"FLORIDA","GULF",0,21234
"FLORIDA","HAMILTON",1,13871
"FLORIDA","HARDEE",1,45524
"FLORIDA","HENDRY",0,40673
"FLORIDA","HERNANDO",8,125721
"FLORIDA","HIGHLANDS",5,107822
"FLORIDA","HILLSBOROUGH",60,1438989
"FLORIDA","HOLMES",0,35797
"FLORIDA","INDIAN.RIVER",10,142870
"FLORIDA","JACKSON",2,72358
"FLORIDA","JEFFERSON",0,14453
"FLORIDA","LAFAYETTE",0,9619
"FLORIDA","LAKE",15,238292
"FLORIDA","LEE",36,509853
"FLORIDA","LEON",7,285398
"FLORIDA","LEVY",2,43899
"FLORIDA","LIBERTY",1,9990
"FLORIDA","MADISON",0,21407
"FLORIDA","MANATEE",31,345451
"FLORIDA","MARION",16,280325
"FLORIDA","MARTIN",18,161947
"FLORIDA","MONROE",12,162037
"FLORIDA","NASSAU",5,75192
"FLORIDA","OKALOOSA",21,267269
"FLORIDA","OKEECHOBEE",5,52429
"FLORIDA","ORANGE",38,1042879
"FLORIDA","OSCEOLA",8,135475
"FLORIDA","PALM.BEACH",111,1314930
"FLORIDA","PASCO",58,498118
"FLORIDA","PINELLAS",146,1612081
"FLORIDA","POLK",35,702141
"FLORIDA","PUTNAM",6,104927
"FLORIDA","SAINT.JOHNS",7,118895
"FLORIDA","SAINT.LUCIE",18,194384
"FLORIDA","SANTA.ROSA",3,143063
"FLORIDA","SARASOTA",55,485595
"FLORIDA","SEMINOLE",7,433632
"FLORIDA","SUMTER",2,52534
"FLORIDA","SUWANNEE",2,47676
"FLORIDA","TAYLOR",3,32575
"FLORIDA","UNION",0,23555
"FLORIDA","VOLUSIA",43,596543
"FLORIDA","WAKULLA",1,23680
"FLORIDA","WALTON",3,49921
"FLORIDA","WASHINGTON",2,30307
"GEORGIA","APPLING",0,30408
"GEORGIA","ATKINSON",0,11040
"GEORGIA","BACON",1,19211
"GEORGIA","BAKER",0,4583
"GEORGIA","BALDWIN",1,55980
"GEORGIA","BANKS",1,21098
"GEORGIA","BARROW",1,46675
"GEORGIA","BARTOW",0,92416
"GEORGIA","BEN.HILL",2,26784
"GEORGIA","BERRIEN",2,29455
"GEORGIA","BIBB",4,216805
"GEORGIA","BLECKLEY",0,20470
"GEORGIA","BRANTLEY",0,20832
"GEORGIA","BROOKS",0,20578
"GEORGIA","BRYAN",1,21212
"GEORGIA","BULLOCH",5,66465
"GEORGIA","BURKE",2,22807
"GEORGIA","BUTTS",3,22508
"GEORGIA","CALHOUN",0,5615
"GEORGIA","CAMDEN",0,29300
"GEORGIA","CANDLER",1,12314
"GEORGIA","CARROLL",2,119739
"GEORGIA","CATOOSA",4,90279
"GEORGIA","CHARLTON",0,13003
"GEORGIA","CHATHAM",18,307896
"GEORGIA","CHATTAHOOCHEE",0,47314
"GEORGIA","CHATTOOGA",0,47651
"GEORGIA","CHEROKEE",4,137154
"GEORGIA","CLARKE",5,140109
"GEORGIA","CLAY",0,3078
"GEORGIA","CLAYTON",6,334959
"GEORGIA","CLINCH",0,11527
"GEORGIA","COBB",20,741659
"GEORGIA","COFFEE",0,49446
"GEORGIA","COLQUITT",3,66502
"GEORGIA","COLUMBIA",3,92896
"GEORGIA","COOK",2,22913
"GEORGIA","COWETA",2,73491
"GEORGIA","CRAWFORD",0,11617
"GEORGIA","CRISP",2,28000
"GEORGIA","DADE",0,29653
"GEORGIA","DAWSON",0,13421
"GEORGIA","DE.KALB",36,805752
"GEORGIA","DECATUR",2,37945
"GEORGIA","DODGE",2,29966
"GEORGIA","DOOLY",0,12973
"GEORGIA","DOUGHERTY",3,137331
"GEORGIA","DOUGLAS",4,133286
"GEORGIA","EARLY",0,17489
"GEORGIA","ECHOLS",0,4547
"GEORGIA","EFFINGHAM",2,40155
"GEORGIA","ELBERT",2,31531
"GEORGIA","EMANUEL",3,34381
"GEORGIA","EVANS",1,13397
"GEORGIA","FANNIN",3,35621
"GEORGIA","FAYETTE",2,79586
"GEORGIA","FLOYD",8,164230
"GEORGIA","FORSYTH",4,73722
"GEORGIA","FRANKLIN",3,33480
"GEORGIA","FULTON",43,706849
"GEORGIA","GILMER",1,27863
"GEORGIA","GLASCOCK",0,4668
"GEORGIA","GLYNN",4,99768
"GEORGIA","GORDON",3,72172
"GEORGIA","GRADY",0,32611
"GEORGIA","GREENE",0,13257
"GEORGIA","GWINNETT",18,460289
"GEORGIA","HABERSHAM",4,59809
"GEORGIA","HALL",6,173651
"GEORGIA","HANCOCK",0,4822
"GEORGIA","HARALSON",4,42924
"GEORGIA","HARRIS",3,25900
"GEORGIA","HART",2,35589
"GEORGIA","HEARD",0,13988
"GEORGIA","HENRY",2,80489
"GEORGIA","HOUSTON",5,157336
"GEORGIA","IRWIN",0,14677
"GEORGIA","JACKSON",3,57248
"GEORGIA","JASPER",1,11183
"GEORGIA","JEFF.DAVIS",0,24166
"GEORGIA","JEFFERSON",1,19835
"GEORGIA","JENKINS",0,12626
"GEORGIA","JOHNSON",2,13792
"GEORGIA","JONES",1,31019
"GEORGIA","LAMAR",0,18981
"GEORGIA","LANIER",0,10284
"GEORGIA","LAURENS",1,61699
"GEORGIA","LEE",0,24887
"GEORGIA","LIBERTY",1,73401
"GEORGIA","LINCOLN",1,9560
"GEORGIA","LONG",0,9693
"GEORGIA","LOWNDES",4,118636
"GEORGIA","LUMPKIN",2,26879
"GEORGIA","MAC.DUFFIE",1,28936
"GEORGIA","MAC.INTOSH",2,11283
"GEORGIA","MACON",0,14739
"GEORGIA","MADISON",0,40205
"GEORGIA","MARION",0,7120
"GEORGIA","MERIWETHER",0,28091
"GEORGIA","MILLER",0,12011
"GEORGIA","MITCHELL",1,26507
"GEORGIA","MONROE",2,22561
"GEORGIA","MONTGOMERY",1,12195
"GEORGIA","MORGAN",1,17548
"GEORGIA","MURRAY",3,50815
"GEORGIA","MUSCOGEE",14,273313
"GEORGIA","NEWTON",3,66536
"GEORGIA","OCONEE",0,29588
"GEORGIA","OGLETHORPE",1,15573
"GEORGIA","PAULDING",2,65590
"GEORGIA","PEACH",1,22974
"GEORGIA","PICKENS",2,28559
"GEORGIA","PIERCE",1,25552
"GEORGIA","PIKE",0,16638
"GEORGIA","POLK",3,66748
"GEORGIA","PULASKI",0,14136
"GEORGIA","PUTNAM",1,16273
"GEORGIA","QUITMAN",0,2524
"GEORGIA","RABUN",1,25550
"GEORGIA","RANDOLPH",0,9753
"GEORGIA","RICHMOND",11,275072
"GEORGIA","ROCKDALE",2,86487
"GEORGIA","SCHLEY",0,5465
"GEORGIA","SCREVEN",0,18707
"GEORGIA","SEMINOLE",0,14890
"GEORGIA","SPALDING",3,85759
"GEORGIA","STEPHENS",3,46272
"GEORGIA","STEWART",0,5215
"GEORGIA","SUMTER",0,38887
"GEORGIA","TALBOT",1,5855
"GEORGIA","TALIAFERRO",0,1593
"GEORGIA","TATTNALL",0,32021
"GEORGIA","TAYLOR",1,11437
"GEORGIA","TELFAIR",0,18428
"GEORGIA","TERRELL",0,11228
"GEORGIA","THOMAS",5,57288
"GEORGIA","TIFT",3,60543
"GEORGIA","TOOMBS",0,41229
"GEORGIA","TOWNS",1,14650
"GEORGIA","TREUTLEN",1,9944
"GEORGIA","TROUP",1,83927
"GEORGIA","TURNER",0,14375
"GEORGIA","TWIGGS",0,11571
"GEORGIA","UNION",3,24113
"GEORGIA","UNKNOWN",0,0
"GEORGIA","UPSON",1,44975
"GEORGIA","WALKER",5,131769
"GEORGIA","WALTON",3,61048
"GEORGIA","WARE",1,68231
"GEORGIA","WARREN",0,6307
"GEORGIA","WASHINGTON",2,22274
"GEORGIA","WAYNE",2,41938
"GEORGIA","WEBSTER",0,2835
"GEORGIA","WHEELER",1,8739
"GEORGIA","WHITE",4,24847
"GEORGIA","WHITFIELD",13,155666
"GEORGIA","WILCOX",0,12217
"GEORGIA","WILKES",3,14334
"GEORGIA","WILKINSON",1,14281
"GEORGIA","WORTH",1,30276
"HAWAII","HAWAII",0,94161
"HAWAII","HONOLULU",17,753993
"HAWAII","KAUAI",1,34765
"HAWAII","MAUI",2,75691
"IDAHO","ADA",18,433739
"IDAHO","ADAMS",1,8393
"IDAHO","BANNOCK",9,159519
"IDAHO","BEAR.LAKE",1,17677
"IDAHO","BENEWAH",2,20208
"IDAHO","BINGHAM",2,87575
"IDAHO","BLAINE",1,28122
"IDAHO","BOISE",0,7899
"IDAHO","BONNER",0,62085
"IDAHO","BONNEVILLE",2,166415
"IDAHO","BOUNDARY",0,18526
"IDAHO","BUTTE",1,8704
"IDAHO","CAMAS",0,2142
"IDAHO","CANYON",15,205484
"IDAHO","CARIBOU",1,21919
"IDAHO","CASSIA",1,49498
"IDAHO","CLARK",1,2212
"IDAHO","CLEARWATER",0,26025
"IDAHO","CUSTER",0,11602
"IDAHO","ELMORE",0,55778
"IDAHO","FRANKLIN",1,23559
"IDAHO","FREMONT",0,27526
"IDAHO","GEM",1,29082
"IDAHO","GOODING",3,30819
"IDAHO","IDAHO",3,36953
"IDAHO","JEFFERSON",0,39682
"IDAHO","JEROME",1,38529
"IDAHO","KOOTENAI",6,151278
"IDAHO","LATAH",1,74648
"IDAHO","LEMHI",0,19524
"IDAHO","LEWIS",2,9705
"IDAHO","LINCOLN",1,9041
"IDAHO","MADISON",1,47639
"IDAHO","MINIDOKA",2,50161
"IDAHO","NEZ.PERCE",8,77309
"IDAHO","ONEIDA",0,8258
"IDAHO","OWYHEE",2,21135
"IDAHO","PAYETTE",1,38529
"IDAHO","POWER",0,16672
"IDAHO","SHOSHONE",3,45895
"IDAHO","TETON",2,8218
"IDAHO","TWIN.FALLS",3,131153
"IDAHO","VALLEY",0,15581
"IDAHO","WASHINGTON",3,21165
"ILLINOIS","ADAMS",6,164878
"ILLINOIS","ALEXANDER",0,19672
"ILLINOIS","BOND",4,37869
"ILLINOIS","BOONE",4,71033
"ILLINOIS","BROWN",1,13597
"ILLINOIS","BUREAU",7,92928
"ILLINOIS","CALHOUN",1,14447
"ILLINOIS","CARROLL",5,44858
"ILLINOIS","CASS",1,35632
"ILLINOIS","CHAMPAIGN",15,385430
"ILLINOIS","CHRISTIAN",7,86338
"ILLINOIS","CLARK",2,40693
"ILLINOIS","CLAY",8,37117
"ILLINOIS","CLINTON",4,81088
"ILLINOIS","COLES",5,121175
"ILLINOIS","COOK",503,9080516
"ILLINOIS","CRAWFORD",4,50765
"ILLINOIS","CUMBERLAND",2,27208
"ILLINOIS","DE.KALB",6,174236
"ILLINOIS","DE.WITT",1,43362
"ILLINOIS","DOUGLAS",3,47617
"ILLINOIS","DU.PAGE",52,1597359
"ILLINOIS","EDGAR",3,51143
"ILLINOIS","EDWARDS",0,19304
"ILLINOIS","EFFINGHAM",4,76104
"ILLINOIS","FAYETTE",4,53948
"ILLINOIS","FORD",2,36255
"ILLINOIS","FRANKLIN",9,102622
"ILLINOIS","FULTON",4,103095
"ILLINOIS","GALLATIN",0,18489
"ILLINOIS","GREENE",1,39694
"ILLINOIS","GRUNDY",4,76014
"ILLINOIS","HAMILTON",2,21935
"ILLINOIS","HANCOCK",4,56251
"ILLINOIS","HARDIN",2,13158
"ILLINOIS","HENDERSON",0,22172
"ILLINOIS","HENRY",8,137244
"ILLINOIS","IROQUOIS",6,79442
"ILLINOIS","JACKSON",10,143095
"ILLINOIS","JASPER",1,27765
"ILLINOIS","JEFFERSON",4,86143
"ILLINOIS","JERSEY",2,50046
"ILLINOIS","JO.DAVIESS",3,57664
"ILLINOIS","JOHNSON",3,24262
"ILLINOIS","KANE",20,648234
"ILLINOIS","KANKAKEE",4,207533
"ILLINOIS","KENDALL",1,92268
"ILLINOIS","KNOX",5,138312
"ILLINOIS","LA.SALLE",22,265008
"ILLINOIS","LAKE",43,1052635
"ILLINOIS","LAWRENCE",3,42191
"ILLINOIS","LEE",1,84590
"ILLINOIS","LIVINGSTON",5,95042
"ILLINOIS","LOGAN",1,73898
"ILLINOIS","MAC.DONOUGH",8,88716
"ILLINOIS","MAC.HENRY",23,371583
"ILLINOIS","MAC.LEAN",8,273229
"ILLINOIS","MACON",17,275135
"ILLINOIS","MACOUPIN",9,116685
"ILLINOIS","MADISON",35,552231
"ILLINOIS","MARION",5,101280
"ILLINOIS","MARSHALL",3,35074
"ILLINOIS","MASON",3,45704
"ILLINOIS","MASSAC",0,33676
"ILLINOIS","MENARD",3,28162
"ILLINOIS","MERCER",0,47118
"ILLINOIS","MONROE",2,49522
"ILLINOIS","MONTGOMERY",10,77006
"ILLINOIS","MORGAN",1,85478
"ILLINOIS","MOULTRIE",1,34767
"ILLINOIS","OGLE",3,112717
"ILLINOIS","PEORIA",19,415273
"ILLINOIS","PERRY",1,51833
"ILLINOIS","PIATT",1,40315
"ILLINOIS","PIKE",1,45525
"ILLINOIS","POPE",1,10723
"ILLINOIS","PULASKI",1,13936
"ILLINOIS","PUTNAM",1,15152
"ILLINOIS","RANDOLPH",4,84433
"ILLINOIS","RICHLAND",1,43584
"ILLINOIS","ROCK.ISLAND",19,372229
"ILLINOIS","SAINT.CLAIR",26,465251
"ILLINOIS","SALINE",2,65002
"ILLINOIS","SANGAMON",19,382448
"ILLINOIS","SCHUYLER",1,19999
"ILLINOIS","SCOTT",2,14586
"ILLINOIS","SHELBY",2,58173
"ILLINOIS","STARK",1,17462
"ILLINOIS","STEPHENSON",8,112320
"ILLINOIS","TAZEWELL",13,315604
"ILLINOIS","UNION",5,43807
"ILLINOIS","VERMILION",13,207287
"ILLINOIS","WABASH",0,33194
"ILLINOIS","WARREN",5,51055
"ILLINOIS","WASHINGTON",2,37390
"ILLINOIS","WAYNE",2,44374
"ILLINOIS","WHITE",1,43021
"ILLINOIS","WHITESIDE",3,156273
"ILLINOIS","WILL",25,718663
"ILLINOIS","WILLIAMSON",5,136350
"ILLINOIS","WINNEBAGO",28,550069
"ILLINOIS","WOODFORD",1,81397
"INDIANA","ADAMS",3,73393
"INDIANA","ALLEN",19,632413
"INDIANA","BARTHOLOMEW",10,151680
"INDIANA","BENTON",2,24301
"INDIANA","BLACKFORD",1,36913
"INDIANA","BOONE",5,88886
"INDIANA","BROWN",3,31142
"INDIANA","CARROLL",3,47656
"INDIANA","CASS",5,96027
"INDIANA","CLARK",12,203855
"INDIANA","CLAY",5,58822
"INDIANA","CLINTON",0,75096
"INDIANA","CRAWFORD",4,24108
"INDIANA","DAVIESS",6,67658
"INDIANA","DE.KALB",3,80865
"INDIANA","DEARBORN",6,85090
"INDIANA","DECATUR",2,57424
"INDIANA","DELAWARE",13,280631
"INDIANA","DUBOIS",9,85189
"INDIANA","ELKHART",22,321524
"INDIANA","FAYETTE",2,66408
"INDIANA","FLOYD",6,143026
"INDIANA","FOUNTAIN",2,46002
"INDIANA","FRANKLIN",1,48944
"INDIANA","FULTON",3,45822
"INDIANA","GIBSON",3,79801
"INDIANA","GRANT",10,176466
"INDIANA","GREENE",3,72257
"INDIANA","HAMILTON",7,204722
"INDIANA","HANCOCK",5,107471
"INDIANA","HARRISON",2,68492
"INDIANA","HENDRICKS",5,175141
"INDIANA","HENRY",10,122832
"INDIANA","HOWARD",7,194028
"INDIANA","HUNTINGTON",3,83169
"INDIANA","JACKSON",6,88488
"INDIANA","JASPER",4,64500
"INDIANA","JAY",4,54607
"INDIANA","JEFFERSON",5,72839
"INDIANA","JENNINGS",2,56398
"INDIANA","JOHNSON",5,188752
"INDIANA","KNOX",7,100645
"INDIANA","KOSCIUSKO",5,145724
"INDIANA","LA.PORTE",13,243578
"INDIANA","LAGRANGE",2,64980
"INDIANA","LAKE",37,938875
"INDIANA","LAWRENCE",6,100575
"INDIANA","MADISON",20,303791
"INDIANA","MARION",69,1445929
"INDIANA","MARSHALL",4,96986
"INDIANA","MARTIN",1,26872
"INDIANA","MIAMI",2,91640
"INDIANA","MONROE",8,236798
"INDIANA","MONTGOMERY",3,86117
"INDIANA","MORGAN",9,129640
"INDIANA","NEWTON",5,35460
"INDIANA","NOBLE",5,86363
"INDIANA","OHIO",0,12484
"INDIANA","ORANGE",3,44857
"INDIANA","OWEN",1,39105
"INDIANA","PARKE",3,40241
"INDIANA","PERRY",3,47400
"INDIANA","PIKE",1,32308
"INDIANA","PORTER",8,296974
"INDIANA","POSEY",4,64510
"INDIANA","PULASKI",2,32208
"INDIANA","PUTNAM",2,71342
"INDIANA","RANDOLPH",11,70673
"INDIANA","RIPLEY",7,59650
"INDIANA","RUSH",3,46034
"INDIANA","SAINT.JOSEPH",31,523069
"INDIANA","SCOTT",2,50092
"INDIANA","SHELBY",5,95639
"INDIANA","SPENCER",3,49499
"INDIANA","STARKE",8,52826
"INDIANA","STEUBEN",3,61374
"INDIANA","SULLIVAN",7,49085
"INDIANA","SWITZERLAND",0,17838
"INDIANA","TIPPECANOE",11,300069
"INDIANA","TIPTON",0,39860
"INDIANA","UNION",2,16702
"INDIANA","VANDERBURGH",16,363303
"INDIANA","VERMILLION",1,42938
"INDIANA","VIGO",17,249892
"INDIANA","WABASH",8,85657
"INDIANA","WARREN",2,21685
"INDIANA","WARRICK",7,103511
"INDIANA","WASHINGTON",1,54601
"INDIANA","WAYNE",8,168193
"INDIANA","WELLS",4,61300
"INDIANA","WHITE",5,57588
"INDIANA","WHITLEY",3,63769
"IOWA","ADAIR",2,22785
"IOWA","ADAMS",0,13726
"IOWA","ALLAMAKEE",4,36683
"IOWA","APPANOOSE",2,35410
"IOWA","AUDUBON",1,20291
"IOWA","BENTON",2,56716
"IOWA","BLACK.HAWK",12,306001
"IOWA","BOONE",2,62005
"IOWA","BREMER",5,59849
"IOWA","BUCHANAN",4,56125
"IOWA","BUENA.VISTA",5,50055
"IOWA","BUTLER",4,42652
"IOWA","CALHOUN",3,31219
"IOWA","CARROLL",6,55168
"IOWA","CASS",0,40570
"IOWA","CEDAR",5,45317
"IOWA","CERRO.GORDO",11,112737
"IOWA","CHEROKEE",5,38723
"IOWA","CHICKASAW",3,37571
"IOWA","CLARKE",0,20727
"IOWA","CLAY",1,45848
"IOWA","CLAYTON",2,51511
"IOWA","CLINTON",7,133501
"IOWA","CRAWFORD",1,46009
"IOWA","DALLAS",5,70839
"IOWA","DAVIS",2,22161
"IOWA","DECATUR",2,22554
"IOWA","DELAWARE",5,46178
"IOWA","DES.MOINES",4,105514
"IOWA","DICKINSON",1,37079
"IOWA","DUBUQUE",12,219950
"IOWA","EMMET",0,31560
"IOWA","FAYETTE",6,60513
"IOWA","FLOYD",2,45765
"IOWA","FRANKLIN",1,31030
"IOWA","FREMONT",2,21900
"IOWA","GREENE",4,28283
"IOWA","GRUNDY",0,33883
"IOWA","GUTHRIE",0,28051
"IOWA","HAMILTON",3,42699
"IOWA","HANCOCK",2,33322
"IOWA","HARDIN",4,51964
"IOWA","HARRISON",6,38524
"IOWA","HENRY",2,44512
"IOWA","HOWARD",2,26706
"IOWA","HUMBOLDT",0,29270
"IOWA","IDA",3,21702
"IOWA","IOWA",2,36973
"IOWA","JACKSON",1,54528
"IOWA","JASPER",9,86605
"IOWA","JEFFERSON",3,39605
"IOWA","JOHNSON",8,199204
"IOWA","JONES",1,50763
"IOWA","KEOKUK",0,30931
"IOWA","KOSSUTH",2,52558
"IOWA","LEE",8,100011
"IOWA","LINN",15,394846
"IOWA","LOUISA",3,29565
"IOWA","LUCAS",1,24208
"IOWA","LYON",2,31384
"IOWA","MADISON",2,30331
"IOWA","MAHASKA",3,53602
"IOWA","MARION",8,72517
"IOWA","MARSHALL",3,99547
"IOWA","MILLS",2,32912
"IOWA","MITCHELL",2,29060
"IOWA","MONONA",1,27670
"IOWA","MONROE",3,21617
"IOWA","MONTGOMERY",1,31287
"IOWA","MUSCATINE",3,99061
"IOWA","O.BRIEN",2,40758
"IOWA","OSCEOLA",0,20096
"IOWA","PAGE",2,44195
"IOWA","PALO.ALTO",0,30776
"IOWA","PLYMOUTH",5,60049
"IOWA","POCAHONTAS",2,26912
"IOWA","POLK",45,683277
"IOWA","POTTAWATTAMIE",14,204512
"IOWA","POWESHIEK",3,45663
"IOWA","RINGGOLD",2,14228
"IOWA","SAC",1,33262
"IOWA","SCOTT",14,368707
"IOWA","SHELBY",4,36486
"IOWA","SIOUX",1,73744
"IOWA","STORY",6,179519
"IOWA","TAMA",2,44822
"IOWA","TAYLOR",2,19640
"IOWA","UNION",7,32300
"IOWA","VAN.BUREN",1,20846
"IOWA","WAPELLO",5,93246
"IOWA","WARREN",4,83899
"IOWA","WASHINGTON",3,47917
"IOWA","WAYNE",2,19124
"IOWA","WEBSTER",6,104428
"IOWA","WINNEBAGO",0,30563
"IOWA","WINNESHIEK",3,53119
"IOWA","WOODBURY",9,231068
"IOWA","WORTH",1,21765
"IOWA","WRIGHT",0,38177
"KANSAS","ALLEN",3,36451
"KANSAS","ANDERSON",3,20719
"KANSAS","ATCHISON",1,40631
"KANSAS","BARBER",2,16272
"KANSAS","BARTON",3,77656
"KANSAS","BOURBON",2,36076
"KANSAS","BROWN",2,25703
"KANSAS","BUTLER",5,111942
"KANSAS","CHASE",0,7742
"KANSAS","CHAUTAUQUA",0,11751
"KANSAS","CHEROKEE",3,51094
"KANSAS","CHEYENNE",1,8798
"KANSAS","CLARK",2,6192
"KANSAS","CLAY",0,23015
"KANSAS","CLOUD",1,28437
"KANSAS","COFFEY",1,23126
"KANSAS","COMANCHE",0,6099
"KANSAS","COWLEY",4,84338
"KANSAS","CRAWFORD",5,87754
"KANSAS","DECATUR",1,11125
"KANSAS","DICKINSON",4,47344
"KANSAS","DONIPHAN",2,21274
"KANSAS","DOUGLAS",2,157988
"KANSAS","EDWARDS",1,10031
"KANSAS","ELK",1,8753
"KANSAS","ELLIS",6,65761
"KANSAS","ELLSWORTH",2,15935
"KANSAS","FINNEY",5,65361
"KANSAS","FORD",4,61511
"KANSAS","FRANKLIN",6,51780
"KANSAS","GEARY",0,61716
"KANSAS","GOVE",0,9041
"KANSAS","GRAHAM",1,9795
"KANSAS","GRANT",0,17057
"KANSAS","GRAY",1,13037
"KANSAS","GREELEY",0,4561
"KANSAS","GREENWOOD",3,20883
"KANSAS","HAMILTON",1,6039
"KANSAS","HARPER",4,18141
"KANSAS","HARVEY",6,72162
"KANSAS","HASKELL",0,9621
"KANSAS","HODGEMAN",0,5653
"KANSAS","JACKSON",1,26756
"KANSAS","JEFFERSON",3,37561
"KANSAS","JEWELL",0,12371
"KANSAS","JOHNSON",31,662145
"KANSAS","KEARNY",1,9385
"KANSAS","KINGMAN",0,21475
"KANSAS","KIOWA",0,9816
"KANSAS","LABETTE",1,57294
"KANSAS","LANE",0,6186
"KANSAS","LEAVENWORTH",5,131697
"KANSAS","LINCOLN",1,9635
"KANSAS","LINN",2,19434
"KANSAS","LOGAN",0,8462
"KANSAS","LYON",2,85392
"KANSAS","MAC.PHERSON",3,64863
"KANSAS","MARION",3,31488
"KANSAS","MARSHALL",3,30546
"KANSAS","MEADE",1,11729
"KANSAS","MIAMI",2,51633
"KANSAS","MITCHELL",0,19053
"KANSAS","MONTGOMERY",8,92717
"KANSAS","MORRIS",2,15118
"KANSAS","MORTON",0,8726
"KANSAS","NEMAHA",1,26794
"KANSAS","NEOSHO",0,45059
"KANSAS","NESS",1,11393
"KANSAS","NORTON",0,15855
"KANSAS","OSAGE",4,37489
"KANSAS","OSBORNE",1,13553
"KANSAS","OTTAWA",1,14087
"KANSAS","PAWNEE",2,19417
"KANSAS","PHILLIPS",1,17557
"KANSAS","POTTAWATOMIE",2,37466
"KANSAS","PRATT",1,24956
"KANSAS","RAWLINS",1,9903
"KANSAS","RENO",15,152347
"KANSAS","REPUBLIC",1,17530
"KANSAS","RICE",5,27283
"KANSAS","RILEY",4,152980
"KANSAS","ROOKS",1,16986
"KANSAS","RUSH",0,10893
"KANSAS","RUSSELL",1,21837
"KANSAS","SALINE",5,114309
"KANSAS","SCOTT",1,14183
"KANSAS","SEDGWICK",39,816667
"KANSAS","SEWARD",0,42570
"KANSAS","SHAWNEE",17,340831
"KANSAS","SHERIDAN",0,8713
"KANSAS","SHERMAN",3,18562
"KANSAS","SMITH",2,13815
"KANSAS","STAFFORD",2,13655
"KANSAS","STANTON",0,5813
"KANSAS","STEVENS",0,11493
"KANSAS","SUMNER",5,60141
"KANSAS","THOMAS",0,20730
"KANSAS","TREGO",1,10360
"KANSAS","WABAUNSEE",0,16621
"KANSAS","WALLACE",0,5047
"KANSAS","WASHINGTON",2,19931
"KANSAS","WICHITA",0,7556
"KANSAS","WILSON",2,27627
"KANSAS","WOODSON",0,11148
"KANSAS","WYANDOTTE",18,304035
"KENTUCKY","ADAIR",1,36341
"KENTUCKY","ALLEN",4,33929
"KENTUCKY","ANDERSON",0,30161
"KENTUCKY","BALLARD",0,19866
"KENTUCKY","BARREN",9,78301
"KENTUCKY","BATH",1,24049
"KENTUCKY","BELL",4,80480
"KENTUCKY","BOONE",4,115882
"KENTUCKY","BOURBON",6,42317
"KENTUCKY","BOYD",10,128921
"KENTUCKY","BOYLE",3,54172
"KENTUCKY","BRACKEN",2,18254
"KENTUCKY","BREATHITT",1,41221
"KENTUCKY","BRECKENRIDGE",1,39797
"KENTUCKY","BULLITT",2,107797
"KENTUCKY","BUTLER",2,27549
"KENTUCKY","CALDWELL",0,30247
"KENTUCKY","CALLOWAY",4,69913
"KENTUCKY","CAMPBELL",10,194872
"KENTUCKY","CARLISLE",0,13279
"KENTUCKY","CARROLL",2,22381
"KENTUCKY","CARTER",2,61813
"KENTUCKY","CASEY",1,36978
"KENTUCKY","CHRISTIAN",4,132461
"KENTUCKY","CLARK",3,65372
"KENTUCKY","CLAY",1,56432
"KENTUCKY","CLINTON",1,22937
"KENTUCKY","CRITTENDEN",0,22000
"KENTUCKY","CUMBERLAND",0,16628
"KENTUCKY","DAVIESS",16,199899
"KENTUCKY","EDMONSON",3,24875
"KENTUCKY","ELLIOTT",2,17051
"KENTUCKY","ESTILL",2,35409
"KENTUCKY","FAYETTE",21,430255
"KENTUCKY","FLEMING",3,29987
"KENTUCKY","FLOYD",12,119096
"KENTUCKY","FRANKLIN",5,93931
"KENTUCKY","FULTON",1,16756
"KENTUCKY","GALLATIN",1,11837
"KENTUCKY","GARRARD",2,26055
"KENTUCKY","GRANT",1,33232
"KENTUCKY","GRAVES",5,77319
"KENTUCKY","GRAYSON",0,51972
"KENTUCKY","GREEN",1,25745
"KENTUCKY","GREENUP",1,93771
"KENTUCKY","HANCOCK",0,19580
"KENTUCKY","HARDIN",7,210541
"KENTUCKY","HARLAN",4,97348
"KENTUCKY","HARRISON",0,36158
"KENTUCKY","HART",1,34737
"KENTUCKY","HENDERSON",5,93338
"KENTUCKY","HENRY",1,30246
"KENTUCKY","HICKMAN",1,12810
"KENTUCKY","HOPKINS",5,104422
"KENTUCKY","JACKSON",0,30166
"KENTUCKY","JEFFERSON",76,1352514
"KENTUCKY","JESSAMINE",2,63199
"KENTUCKY","JOHNSON",2,61284
"KENTUCKY","KENTON",17,318364
"KENTUCKY","KNOTT",1,45284
"KENTUCKY","KNOX",3,72359
"KENTUCKY","LARUE",0,27727
"KENTUCKY","LAUREL",3,98703
"KENTUCKY","LAWRENCE",2,35343
"KENTUCKY","LEE",2,18961
"KENTUCKY","LESLIE",1,37342
"KENTUCKY","LETCHER",2,73721
"KENTUCKY","LEWIS",0,36274
"KENTUCKY","LINCOLN",0,45403
"KENTUCKY","LIVINGSTON",1,22844
"KENTUCKY","LOGAN",3,54618
"KENTUCKY","LYON",1,16658
"KENTUCKY","MAC.CRACKEN",18,130840
"KENTUCKY","MAC.CREARY",0,38406
"KENTUCKY","MAC.LEAN",1,24334
"KENTUCKY","MADISON",5,119190
"KENTUCKY","MAGOFFIN",2,34384
"KENTUCKY","MARION",1,39549
"KENTUCKY","MARSHALL",4,62880
"KENTUCKY","MARTIN",1,34864
"KENTUCKY","MASON",0,39499
"KENTUCKY","MEADE",0,52981
"KENTUCKY","MENIFEE",1,13044
"KENTUCKY","MERCER",2,43380
"KENTUCKY","METCALFE",0,22689
"KENTUCKY","MONROE",2,28857
"KENTUCKY","MONTGOMERY",3,46054
"KENTUCKY","MORGAN",1,30350
"KENTUCKY","MUHLENBERG",4,75471
"KENTUCKY","NELSON",1,63829
"KENTUCKY","NICHOLAS",0,16914
"KENTUCKY","OHIO",2,51893
"KENTUCKY","OLDHAM",3,70940
"KENTUCKY","OWEN",0,21634
"KENTUCKY","OWSLEY",0,14055
"KENTUCKY","PENDLETON",3,26932
"KENTUCKY","PERRY",5,80883
"KENTUCKY","PIKE",11,198166
"KENTUCKY","POWELL",2,27900
"KENTUCKY","PULASKI",8,112071
"KENTUCKY","ROBERTSON",0,5672
"KENTUCKY","ROCKCASTLE",2,35121
"KENTUCKY","ROWAN",2,45939
"KENTUCKY","RUSSELL",3,34296
"KENTUCKY","SCOTT",4,49405
"KENTUCKY","SHELBY",2,50766
"KENTUCKY","SIMPSON",3,31272
"KENTUCKY","SPENCER",1,14490
"KENTUCKY","TAYLOR",2,48328
"KENTUCKY","TODD",0,24702
"KENTUCKY","TRIGG",1,20577
"KENTUCKY","TRIMBLE",2,15240
"KENTUCKY","UNION",2,35728
"KENTUCKY","WARREN",5,169173
"KENTUCKY","WASHINGTON",2,23283
"KENTUCKY","WAYNE",2,41434
"KENTUCKY","WEBSTER",1,33695
"KENTUCKY","WHITLEY",4,80818
"KENTUCKY","WOLFE",2,17263
"KENTUCKY","WOODFORD",1,39910
"LOUISIANA","ACADIA",8,115970
"LOUISIANA","ALLEN",3,41529
"LOUISIANA","ASCENSION",9,103016
"LOUISIANA","ASSUMPTION",2,39258
"LOUISIANA","AVOYELLES",4,74865
"LOUISIANA","BEAUREGARD",4,64403
"LOUISIANA","BIENVILLE",1,22787
"LOUISIANA","BOSSIER",5,169410
"LOUISIANA","CADDO",23,375062
"LOUISIANA","CALCASIEU",12,329353
"LOUISIANA","CALDWELL",2,21618
"LOUISIANA","CAMERON",2,23417
"LOUISIANA","CATAHOULA",1,22155
"LOUISIANA","CLAIBORNE",0,23052
"LOUISIANA","CONCORDIA",2,36872
"LOUISIANA","DE.SOTO",2,35743
"LOUISIANA","EAST.BATON.ROU",27,625844
"LOUISIANA","EAST.CARROLL",0,10745
"LOUISIANA","EAST.FELICIANA",0,25445
"LOUISIANA","EVANGELINE",3,63039
"LOUISIANA","FRANKLIN",0,39476
"LOUISIANA","GRANT",3,34983
"LOUISIANA","IBERIA",2,119164
"LOUISIANA","IBERVILLE",2,42182
"LOUISIANA","JACKSON",1,28289
"LOUISIANA","JEFFERSON",32,947674
"LOUISIANA","JEFFERSON.DAVI",6,64359
"LOUISIANA","LA.SALLE",3,36422
"LOUISIANA","LAFAYETTE",7,314898
"LOUISIANA","LAFOURCHE",3,187476
"LOUISIANA","LINCOLN",2,64217
"LOUISIANA","LIVINGSTON",2,147909
"LOUISIANA","MADISON",1,15100
"LOUISIANA","MOREHOUSE",3,49466
"LOUISIANA","NATCHITOCHES",7,60729
"LOUISIANA","ORLEANS",46,561106
"LOUISIANA","OUACHITA",4,239981
"LOUISIANA","PLAQUEMINES",3,52012
"LOUISIANA","POINTE.COUPEE",3,35726
"LOUISIANA","RAPIDES",13,238552
"LOUISIANA","RED.RIVER",1,16410
"LOUISIANA","RICHLAND",6,34689
"LOUISIANA","SABINE",0,49352
"LOUISIANA","SAINT.BERNARD",9,152580
"LOUISIANA","SAINT.CHARLES",1,74180
"LOUISIANA","SAINT.HELENA",0,11685
"LOUISIANA","SAINT.JAMES",2,28154
"LOUISIANA","SAINT.JOHN.THE.BA",0,55716
"LOUISIANA","SAINT.LANDRY",9,128913
"LOUISIANA","SAINT.MARTIN",3,70986
"LOUISIANA","SAINT.MARY",2,113457
"LOUISIANA","SAINT.TAMMANY",6,264440
"LOUISIANA","TANGIPAHOA",3,144639
"LOUISIANA","TENSAS",2,9228
"LOUISIANA","TERREBONNE",5,198686
"LOUISIANA","UNION",1,36814
"LOUISIANA","VERMILION",6,106116
"LOUISIANA","VERNON",4,124742
"LOUISIANA","WASHINGTON",1,75206
"LOUISIANA","WEBSTER",1,73048
"LOUISIANA","WEST.BATON.ROU",1,30267
"LOUISIANA","WEST.CARROLL",2,26274
"LOUISIANA","WEST.FELICIANA",1,16950
"LOUISIANA","WINN",1,30197
"MAINE","ANDROSCOGGIN",10,235650
"MAINE","AROOSTOOK",7,220778
"MAINE","CUMBERLAND",32,521558
"MAINE","FRANKLIN",2,66518
"MAINE","HANCOCK",5,103473
"MAINE","KENNEBEC",13,264173
"MAINE","KNOX",3,80497
"MAINE","LINCOLN",1,64028
"MAINE","OXFORD",8,119557
"MAINE","PENOBSCOT",21,332948
"MAINE","PISCATAQUIS",1,42634
"MAINE","SAGADAHOC",2,71310
"MAINE","SOMERSET",5,111450
"MAINE","WALDO",6,70971
"MAINE","WASHINGTON",6,81514
"MAINE","YORK",17,348807
"MARYLAND","ALLEGANY",11,182661
"MARYLAND","ANNE.ARUNDEL",26,838091
"MARYLAND","BALTIMORE",89,1411798
"MARYLAND","BALTIMORE.CITY",58,795292
"MARYLAND","CALVERT",0,72066
"MARYLAND","CAROLINE",1,47757
"MARYLAND","CARROLL",8,237489
"MARYLAND","CECIL",9,145223
"MARYLAND","CHARLES",5,153065
"MARYLAND","DORCHESTER",0,50745
"MARYLAND","FREDERICK",12,277498
"MARYLAND","GARRETT",5,65546
"MARYLAND","HARFORD",19,338757
"MARYLAND","HOWARD",9,273512
"MARYLAND","KENT",3,31767
"MARYLAND","MONTGOMERY",46,1238462
"MARYLAND","PRINCE.GEORGES",34,940746
"MARYLAND","QUEEN.ANNES",1,56006
"MARYLAND","SAINT.MARYS",3,131206
"MARYLAND","SOMERSET",3,29973
"MARYLAND","TALBOT",4,50027
"MARYLAND","WASHINGTON",13,261586
"MARYLAND","WICOMICO",4,120985
"MARYLAND","WORCESTER",5,56450
"MASSACHUSETTS","BARNSTABLE",23,354916
"MASSACHUSETTS","BERKSHIRE",19,333613
"MASSACHUSETTS","BRISTOL",57,1105985
"MASSACHUSETTS","DUKES",1,21186
"MASSACHUSETTS","ESSEX",91,1482969
"MASSACHUSETTS","FRANKLIN",4,152763
"MASSACHUSETTS","HAMPDEN",55,968308
"MASSACHUSETTS","HAMPSHIRE",18,323554
"MASSACHUSETTS","MIDDLESEX",174,3156671
"MASSACHUSETTS","NANTUCKET",1,12519
"MASSACHUSETTS","NORFOLK",95,1394127
"MASSACHUSETTS","PLYMOUTH",42,957658
"MASSACHUSETTS","SUFFOLK",75,1187364
"MASSACHUSETTS","WORCESTER",77,1522647
"MICHIGAN","ALCONA",2,23953
"MICHIGAN","ALGER",0,22146
"MICHIGAN","ALLEGAN",9,199332
"MICHIGAN","ALPENA",4,77577
"MICHIGAN","ANTRIM",2,40332
"MICHIGAN","ARENAC",1,36254
"MICHIGAN","BARAGA",2,19273
"MICHIGAN","BARRY",4,115691
"MICHIGAN","BAY",6,283361
"MICHIGAN","BENZIE",3,27127
"MICHIGAN","BERRIEN",12,342445
"MICHIGAN","BRANCH",7,96196
"MICHIGAN","CALHOUN",15,301874
"MICHIGAN","CASS",6,110062
"MICHIGAN","CHARLEVOIX",3,47976
"MICHIGAN","CHEBOYGAN",5,50420
"MICHIGAN","CHIPPEWA",4,66254
"MICHIGAN","CLARE",2,57673
"MICHIGAN","CLINTON",4,137777
"MICHIGAN","CRAWFORD",0,24320
"MICHIGAN","DELTA",6,94844
"MICHIGAN","DICKINSON",2,62701
"MICHIGAN","EATON",10,208367
"MICHIGAN","EMMET",1,54589
"MICHIGAN","GENESEE",51,861545
"MICHIGAN","GLADWIN",1,50030
"MICHIGAN","GOGEBIC",1,46800
"MICHIGAN","GRAND.TRAVERSE",4,135137
"MICHIGAN","GRATIOT",5,96124
"MICHIGAN","HILLSDALE",5,102011
"MICHIGAN","HOUGHTON",12,99939
"MICHIGAN","HURON",8,88924
"MICHIGAN","INGHAM",14,591134
"MICHIGAN","IONIA",10,126674
"MICHIGAN","IOSCO",1,71617
"MICHIGAN","IRON",4,32894
"MICHIGAN","ISABELLA",5,126370
"MICHIGAN","JACKSON",12,338575
"MICHIGAN","KALAMAZOO",22,468651
"MICHIGAN","KALKASKA",1,28528
"MICHIGAN","KENT",35,995167
"MICHIGAN","KEWEENAW",0,5038
"MICHIGAN","LAKE",1,16696
"MICHIGAN","LAPEER",5,171201
"MICHIGAN","LEELANAU",0,35529
"MICHIGAN","LENAWEE",1,213136
"MICHIGAN","LIVINGSTON",10,249745
"MICHIGAN","LUCE",2,14850
"MICHIGAN","MACKINAC",3,22853
"MICHIGAN","MACOMB",81,1635888
"MICHIGAN","MANISTEE",9,54118
"MICHIGAN","MARQUETTE",6,180807
"MICHIGAN","MASON",2,63209
"MICHIGAN","MECOSTA",5,91270
"MICHIGAN","MENOMINEE",2,63829
"MICHIGAN","MIDLAND",5,182625
"MICHIGAN","MISSAUKEE",0,25803
"MICHIGAN","MONROE",9,320033
"MICHIGAN","MONTCALM",2,118837
"MICHIGAN","MONTMORENCY",2,18711
"MICHIGAN","MUSKEGON",17,328347
"MICHIGAN","NEWAYGO",2,85115
"MICHIGAN","OAKLAND",113,2275182
"MICHIGAN","OCEANA",3,52776
"MICHIGAN","OGEMAW",3,41030
"MICHIGAN","ONTONAGON",4,24961
"MICHIGAN","OSCEOLA",2,47668
"MICHIGAN","OSCODA",2,17288
"MICHIGAN","OTSEGO",2,37359
"MICHIGAN","OTTAWA",15,392662
"MICHIGAN","PRESQUE.ISLE",1,34861
"MICHIGAN","ROSCOMMON",5,41957
"MICHIGAN","SAGINAW",22,444709
"MICHIGAN","SAINT.CLAIR",19,328112
"MICHIGAN","SAINT.JOSEPH",4,135374
"MICHIGAN","SANILAC",2,98763
"MICHIGAN","SCHOOLCRAFT",2,19595
"MICHIGAN","SHIAWASSEE",6,170851
"MICHIGAN","TUSCOLA",4,137403
"MICHIGAN","VAN.BUREN",9,150601
"MICHIGAN","WASHTENAW",14,563120
"MICHIGAN","WAYNE",192,3407697
"MICHIGAN","WEXFORD",4,61123
"MINNESOTA","AITKIN",3,32823
"MINNESOTA","ANOKA",15,497880
"MINNESOTA","BECKER",1,68213
"MINNESOTA","BELTRAMI",3,68974
"MINNESOTA","BENTON",4,63599
"MINNESOTA","BIG.STONE",3,18460
"MINNESOTA","BLUE.EARTH",4,126603
"MINNESOTA","BROWN",3,69238
"MINNESOTA","CARLTON",2,71807
"MINNESOTA","CARVER",2,95528
"MINNESOTA","CASS",3,47774
"MINNESOTA","CHIPPEWA",3,35656
"MINNESOTA","CHISAGO",5,66146
"MINNESOTA","CLAY",12,117417
"MINNESOTA","CLEARWATER",2,20524
"MINNESOTA","COOK",0,9743
"MINNESOTA","COTTONWOOD",1,34999
"MINNESOTA","CROW.WING",4,100206
"MINNESOTA","DAKOTA",11,493028
"MINNESOTA","DODGE",1,36984
"MINNESOTA","DOUGLAS",7,68815
"MINNESOTA","FARIBAULT",2,46531
"MINNESOTA","FILLMORE",2,54025
"MINNESOTA","FREEBORN",9,87019
"MINNESOTA","GOODHUE",9,95313
"MINNESOTA","GRANT",0,17302
"MINNESOTA","HENNEPIN",112,2146963
"MINNESOTA","HOUSTON",2,45589
"MINNESOTA","HUBBARD",0,34376
"MINNESOTA","ISANTI",2,59345
"MINNESOTA","ITASCA",8,103740
"MINNESOTA","JACKSON",3,33292
"MINNESOTA","KANABEC",1,30396
"MINNESOTA","KANDIYOHI",2,91712
"MINNESOTA","KITTSON",1,16438
"MINNESOTA","KOOCHICHING",2,42171
"MINNESOTA","LAC.QUI.PARLE",0,25928
"MINNESOTA","LAKE",1,31420
"MINNESOTA","LAKE.OF.THE.WO",0,9422
"MINNESOTA","LE.SUEUR",4,58306
"MINNESOTA","LINCOLN",0,19704
"MINNESOTA","LYON",3,62240
"MINNESOTA","MAC.LEOD",4,74073
"MINNESOTA","MAHNOMEN",1,11196
"MINNESOTA","MARSHALL",2,32137
"MINNESOTA","MARTIN",5,60527
"MINNESOTA","MEEKER",2,51458
"MINNESOTA","MILLE.LACS",3,44506
"MINNESOTA","MORRISON",11,72683
"MINNESOTA","MOWER",10,96237
"MINNESOTA","MURRAY",1,27896
"MINNESOTA","NICOLLET",3,66343
"MINNESOTA","NOBLES",4,52205
"MINNESOTA","NORMAN",2,22461
"MINNESOTA","OLMSTED",8,219865
"MINNESOTA","OTTER.TAIL",11,128042
"MINNESOTA","PENNINGTON",2,35798
"MINNESOTA","PINE",2,50034
"MINNESOTA","PIPESTONE",1,27312
"MINNESOTA","POLK",8,83791
"MINNESOTA","POPE",1,28485
"MINNESOTA","RAMSEY",50,1035459
"MINNESOTA","RED.LAKE",0,13513
"MINNESOTA","REDWOOD",3,46825
"MINNESOTA","RENVILLE",5,49699
"MINNESOTA","RICE",4,113756
"MINNESOTA","ROCK",2,25685
"MINNESOTA","ROSEAU",1,31721
"MINNESOTA","SAINT.LOUIS",36,517061
"MINNESOTA","SCOTT",3,113534
"MINNESOTA","SHERBURNE",3,79192
"MINNESOTA","SIBLEY",3,38009
"MINNESOTA","STEARNS",5,272708
"MINNESOTA","STEELE",4,73924
"MINNESOTA","STEVENS",3,26991
"MINNESOTA","SWIFT",2,31080
"MINNESOTA","TODD",5,62645
"MINNESOTA","TRAVERSE",2,13228
"MINNESOTA","WABASHA",6,48134
"MINNESOTA","WADENA",1,34021
"MINNESOTA","WASECA",2,45489
"MINNESOTA","WASHINGTON",8,291877
"MINNESOTA","WATONWAN",3,30481
"MINNESOTA","WILKIN",0,20417
"MINNESOTA","WINONA",7,111292
"MINNESOTA","WRIGHT",12,149423
"MINNESOTA","YELLOW.MEDICIN",3,33182
"MISSISSIPPI","ADAMS",3,47848
"MISSISSIPPI","ALCORN",2,70906
"MISSISSIPPI","AMITE",0,17500
"MISSISSIPPI","ATTALA",5,27969
"MISSISSIPPI","BENTON",0,12217
"MISSISSIPPI","BOLIVAR",4,40369
"MISSISSIPPI","CALHOUN",0,27533
"MISSISSIPPI","CARROLL",1,12952
"MISSISSIPPI","CHICKASAW",0,26866
"MISSISSIPPI","CHOCTAW",0,15360
"MISSISSIPPI","CLAIBORNE",0,7405
"MISSISSIPPI","CLARKE",1,26792
"MISSISSIPPI","CLAY",2,25246
"MISSISSIPPI","COAHOMA",1,30375
"MISSISSIPPI","COPIAH",0,32703
"MISSISSIPPI","COVINGTON",1,25492
"MISSISSIPPI","DE.SOTO",3,112090
"MISSISSIPPI","FORREST",5,116477
"MISSISSIPPI","FRANKLIN",0,12836
"MISSISSIPPI","GEORGE",4,35313
"MISSISSIPPI","GREENE",0,19160
"MISSISSIPPI","GRENADA",1,29157
"MISSISSIPPI","HANCOCK",4,59743
"MISSISSIPPI","HARRISON",14,325760
"MISSISSIPPI","HINDS",16,321650
"MISSISSIPPI","HOLMES",1,15157
"MISSISSIPPI","HUMPHREYS",1,11175
"MISSISSIPPI","ISSAQUENA",0,2550
"MISSISSIPPI","ITAWAMBA",3,46348
"MISSISSIPPI","JACKSON",11,241094
"MISSISSIPPI","JASPER",1,21745
"MISSISSIPPI","JEFFERSON",0,3927
"MISSISSIPPI","JEFFERSON.DAVI",3,15739
"MISSISSIPPI","JONES",9,117367
"MISSISSIPPI","KEMPER",2,11047
"MISSISSIPPI","LAFAYETTE",2,57320
"MISSISSIPPI","LAMAR",0,56611
"MISSISSIPPI","LAUDERDALE",9,126382
"MISSISSIPPI","LAWRENCE",2,21269
"MISSISSIPPI","LEAKE",0,27469
"MISSISSIPPI","LEE",7,111036
"MISSISSIPPI","LEFLORE",1,39835
"MISSISSIPPI","LINCOLN",3,52305
"MISSISSIPPI","LOWNDES",4,92137
"MISSISSIPPI","MADISON",1,49217
"MISSISSIPPI","MARION",5,45237
"MISSISSIPPI","MARSHALL",1,34943
"MISSISSIPPI","MONROE",2,62038
"MISSISSIPPI","MONTGOMERY",0,18294
"MISSISSIPPI","NESHOBA",1,41053
"MISSISSIPPI","NEWTON",2,33778
"MISSISSIPPI","NOXUBEE",0,11009
"MISSISSIPPI","OKTIBBEHA",2,62381
"MISSISSIPPI","PANOLA",3,34915
"MISSISSIPPI","PEARL.RIVER",2,74263
"MISSISSIPPI","PERRY",0,19561
"MISSISSIPPI","PIKE",3,48871
"MISSISSIPPI","PONTOTOC",1,43188
"MISSISSIPPI","PRENTISS",2,51424
"MISSISSIPPI","QUITMAN",1,12630
"MISSISSIPPI","RANKIN",5,145568
"MISSISSIPPI","SCOTT",3,38480
"MISSISSIPPI","SHARKEY",0,6603
"MISSISSIPPI","SIMPSON",0,39796
"MISSISSIPPI","SMITH",0,28434
"MISSISSIPPI","STONE",1,19291
"MISSISSIPPI","SUNFLOWER",0,32832
"MISSISSIPPI","TALLAHATCHIE",1,16502
"MISSISSIPPI","TATE",0,31031
"MISSISSIPPI","TIPPAH",2,37476
"MISSISSIPPI","TISHOMINGO",0,43237
"MISSISSIPPI","TUNICA",0,5776
"MISSISSIPPI","UNION",3,44899
"MISSISSIPPI","WALTHALL",1,19629
"MISSISSIPPI","WARREN",3,77660
"MISSISSIPPI","WASHINGTON",1,76217
"MISSISSIPPI","WAYNE",2,31422
"MISSISSIPPI","WEBSTER",1,19945
"MISSISSIPPI","WILKINSON",0,8081
"MISSISSIPPI","WINSTON",1,27363
"MISSISSIPPI","YALOBUSHA",2,18894
"MISSISSIPPI","YAZOO",0,32297
"MISSOURI","ADAIR",2,57830
"MISSOURI","ANDREW",3,34881
"MISSOURI","ATCHISON",2,20778
"MISSOURI","AUDRAIN",7,59083
"MISSOURI","BARRY",5,59669
"MISSOURI","BARTON",2,27039
"MISSOURI","BATES",9,37094
"MISSOURI","BENTON",2,29686
"MISSOURI","BOLLINGER",1,25524
"MISSOURI","BOONE",7,229492
"MISSOURI","BUCHANAN",10,196773
"MISSOURI","BUTLER",8,84889
"MISSOURI","CALDWELL",1,20415
"MISSOURI","CALLAWAY",5,74365
"MISSOURI","CAMDEN",2,52154
"MISSOURI","CAPE.GIRARDEAU",6,135390
"MISSOURI","CARROLL",3,27503
"MISSOURI","CARTER",1,13758
"MISSOURI","CASS",2,127579
"MISSOURI","CEDAR",1,28359
"MISSOURI","CHARITON",2,24033
"MISSOURI","CHRISTIAN",3,56187
"MISSOURI","CLARK",3,20487
"MISSOURI","CLAY",16,325869
"MISSOURI","CLINTON",2,37736
"MISSOURI","COLE",5,133505
"MISSOURI","COOPER",2,33420
"MISSOURI","CRAWFORD",3,44783
"MISSOURI","DADE",1,17711
"MISSOURI","DALLAS",1,29258
"MISSOURI","DAVIESS",0,20916
"MISSOURI","DE.KALB",0,20608
"MISSOURI","DENT",3,34731
"MISSOURI","DOUGLAS",1,28709
"MISSOURI","DUNKLIN",7,78502
"MISSOURI","FRANKLIN",8,175064
"MISSOURI","GASCONADE",6,32412
"MISSOURI","GENTRY",2,18693
"MISSOURI","GREENE",23,436175
"MISSOURI","GRUNDY",2,27406
"MISSOURI","HARRISON",0,23624
"MISSOURI","HENRY",2,46167
"MISSOURI","HICKORY",2,15876
"MISSOURI","HOLT",1,16198
"MISSOURI","HOWARD",3,22179
"MISSOURI","HOWELL",7,69663
"MISSOURI","IRON",2,26287
"MISSOURI","JACKSON",78,1177669
"MISSOURI","JASPER",11,202374
"MISSOURI","JEFFERSON",16,367671
"MISSOURI","JOHNSON",5,91785
"MISSOURI","KNOX",2,12921
"MISSOURI","LACLEDE",1,59245
"MISSOURI","LAFAYETTE",3,70920
"MISSOURI","LAWRENCE",1,69201
"MISSOURI","LEWIS",1,25909
"MISSOURI","LINCOLN",2,54893
"MISSOURI","LINN",5,35835
"MISSOURI","LIVINGSTON",0,35702
"MISSOURI","MAC.DONALD",2,37021
"MISSOURI","MACON",2,38499
"MISSOURI","MADISON",1,25701
"MISSOURI","MARIES",4,19261
"MISSOURI","MARION",5,65289
"MISSOURI","MERCER",0,11392
"MISSOURI","MILLER",2,46574
"MISSOURI","MISSISSIPPI",1,30323
"MISSOURI","MONITEAU",0,29478
"MISSOURI","MONROE",2,22560
"MISSOURI","MONTGOMERY",2,26777
"MISSOURI","MORGAN",5,34044
"MISSOURI","NEW.MADRID",1,45673
"MISSOURI","NEWTON",7,98342
"MISSOURI","NODAWAY",3,54455
"MISSOURI","OREGON",0,23923
"MISSOURI","OSAGE",3,30645
"MISSOURI","OZARK",1,20050
"MISSOURI","PEMISCOT",3,42672
"MISSOURI","PERRY",0,41036
"MISSOURI","PETTIS",3,82221
"MISSOURI","PHELPS",5,87453
"MISSOURI","PIKE",1,38914
"MISSOURI","PLATTE",3,115634
"MISSOURI","POLK",1,46618
"MISSOURI","PULASKI",1,104874
"MISSOURI","PUTNAM",0,14303
"MISSOURI","RALLS",3,21537
"MISSOURI","RANDOLPH",4,57890
"MISSOURI","RAY",1,51437
"MISSOURI","REYNOLDS",2,17822
"MISSOURI","RIPLEY",1,29729
"MISSOURI","SAINT.CHARLES",9,371107
"MISSOURI","SAINT.CLAIR",0,20611
"MISSOURI","SAINT.FRANCOIS",7,101896
"MISSOURI","SAINT.LOUIS",117,2045302
"MISSOURI","SAINT.LOUIS.CITY",43,530715
"MISSOURI","STE.GENEVIEVE",5,37378
"MISSOURI","SALINE",6,56445
"MISSOURI","SCHUYLER",1,11633
"MISSOURI","SCOTLAND",0,12867
"MISSOURI","SCOTT",4,86426
"MISSOURI","SHANNON",2,19576
"MISSOURI","SHELBY",1,18180
"MISSOURI","STODDARD",8,66888
"MISSOURI","STONE",3,39357
"MISSOURI","SULLIVAN",0,17528
"MISSOURI","TANEY",7,51901
"MISSOURI","TEXAS",5,51269
"MISSOURI","VERNON",5,45727
"MISSOURI","WARREN",2,37468
"MISSOURI","WASHINGTON",3,44710
"MISSOURI","WAYNE",1,27673
"MISSOURI","WEBSTER",5,51613
"MISSOURI","WORTH",1,7016
"MISSOURI","WRIGHT",5,39537
"MONTANA","BEAVERHEAD",2,21335
"MONTANA","BIG.HORN",1,14182
"MONTANA","BLAINE",2,11686
"MONTANA","BROADWATER",0,8256
"MONTANA","CARBON",2,20511
"MONTANA","CARTER",0,4504
"MONTANA","CASCADE",12,189310
"MONTANA","CHOUTEAU",1,15213
"MONTANA","CUSTER",1,31515
"MONTANA","DANIELS",1,6864
"MONTANA","DAWSON",1,30161
"MONTANA","DEER.LODGE",3,28045
"MONTANA","FALLON",1,9436
"MONTANA","FERGUS",2,31649
"MONTANA","FLATHEAD",4,130510
"MONTANA","GALLATIN",3,114028
"MONTANA","GARFIELD",0,4269
"MONTANA","GLACIER",2,14163
"MONTANA","GOLDEN.VALLEY",0,2636
"MONTANA","GRANITE",0,6891
"MONTANA","HILL",0,39394
"MONTANA","JEFFERSON",0,18213
"MONTANA","JUDITH.BASIN",0,6819
"MONTANA","LAKE",7,39750
"MONTANA","LEWIS.AND.CLAR",8,106998
"MONTANA","LIBERTY",1,6020
"MONTANA","LINCOLN",5,44906
"MONTANA","MAC.CONE",1,7136
"MONTANA","MADISON",0,14534
"MONTANA","MEAGHER",1,5626
"MONTANA","MINERAL",1,8991
"MONTANA","MISSOULA",8,182922
"MONTANA","MUSSELSHELL",1,11649
"MONTANA","PARK",3,33122
"MONTANA","PETROLEUM",0,1687
"MONTANA","PHILLIPS",1,12882
"MONTANA","PONDERA",0,15231
"MONTANA","POWDER.RIVER",0,6228
"MONTANA","POWELL",0,17988
"MONTANA","PRAIRIE",0,4435
"MONTANA","RAVALLI",1,57316
"MONTANA","RICHLAND",1,33986
"MONTANA","ROOSEVELT",2,16259
"MONTANA","ROSEBUD",1,22990
"MONTANA","SANDERS",0,21624
"MONTANA","SHERIDAN",0,14119
"MONTANA","SILVER.BOW",3,88884
"MONTANA","STILLWATER",0,14341
"MONTANA","SWEET.GRASS",0,8238
"MONTANA","TETON",0,16331
"MONTANA","TOOLE",0,13617
"MONTANA","TREASURE",0,2557
"MONTANA","VALLEY",0,22182
"MONTANA","WHEATLAND",0,5615
"MONTANA","WIBAUX",0,3897
"MONTANA","YELLOWSTONE",13,267694
"MONTANA","YELLOWSTONE.NA",0,270
"NEBRASKA","ADAMS",3,73353
"NEBRASKA","ANTELOPE",3,21036
"NEBRASKA","ARTHUR",0,1295
"NEBRASKA","BANNER",0,2327
"NEBRASKA","BLAINE",0,1989
"NEBRASKA","BOONE",1,18087
"NEBRASKA","BOX.BUTTE",1,33824
"NEBRASKA","BOYD",0,8272
"NEBRASKA","BROWN",1,10514
"NEBRASKA","BUFFALO",3,86400
"NEBRASKA","BURT",2,20855
"NEBRASKA","BUTLER",2,23002
"NEBRASKA","CASS",2,51100
"NEBRASKA","CEDAR",4,27890
"NEBRASKA","CHASE",0,11651
"NEBRASKA","CHERRY",0,16891
"NEBRASKA","CHEYENNE",2,24073
"NEBRASKA","CLAY",0,19447
"NEBRASKA","COLFAX",2,24104
"NEBRASKA","CUMING",2,28489
"NEBRASKA","CUSTER",3,33336
"NEBRASKA","DAKOTA",3,40544
"NEBRASKA","DAWES",2,22528
"NEBRASKA","DAWSON",3,54271
"NEBRASKA","DEUEL",0,5901
"NEBRASKA","DIXON",2,17467
"NEBRASKA","DODGE",3,84912
"NEBRASKA","DOUGLAS",46,852619
"NEBRASKA","DUNDY",1,7034
"NEBRASKA","FILLMORE",2,18928
"NEBRASKA","FRANKLIN",2,10530
"NEBRASKA","FRONTIER",0,8877
"NEBRASKA","FURNAS",2,15575
"NEBRASKA","GAGE",4,57906
"NEBRASKA","GARDEN",0,6640
"NEBRASKA","GARFIELD",0,5650
"NEBRASKA","GOSPER",0,5444
"NEBRASKA","GRANT",0,2177
"NEBRASKA","GREELEY",0,8259
"NEBRASKA","HALL",5,117125
"NEBRASKA","HAMILTON",0,22814
"NEBRASKA","HARLAN",0,10373
"NEBRASKA","HAYES",0,3404
"NEBRASKA","HITCHCOCK",0,10276
"NEBRASKA","HOLT",1,33955
"NEBRASKA","HOOKER",0,2308
"NEBRASKA","HOWARD",1,16409
"NEBRASKA","JEFFERSON",1,23381
"NEBRASKA","JOHNSON",2,12487
"NEBRASKA","KEARNEY",0,17059
"NEBRASKA","KEITH",2,22593
"NEBRASKA","KEYA.PAHA",0,3190
"NEBRASKA","KIMBALL",0,12321
"NEBRASKA","KNOX",1,26734
"NEBRASKA","LANCASTER",22,463176
"NEBRASKA","LINCOLN",3,85962
"NEBRASKA","LOGAN",0,2394
"NEBRASKA","LOUP",0,2062
"NEBRASKA","MAC.PHERSON",0,1504
"NEBRASKA","MADISON",4,75140
"NEBRASKA","MERRICK",0,21863
"NEBRASKA","MORRILL",0,14730
"NEBRASKA","NANCE",0,11563
"NEBRASKA","NEMAHA",2,20070
"NEBRASKA","NUCKOLLS",0,16202
"NEBRASKA","OTOE",2,36128
"NEBRASKA","PAWNEE",0,9135
"NEBRASKA","PERKINS",1,9222
"NEBRASKA","PHELPS",0,23736
"NEBRASKA","PIERCE",1,20602
"NEBRASKA","PLATTE",2,71132
"NEBRASKA","POLK",0,15114
"NEBRASKA","RED.WILLOW",0,30228
"NEBRASKA","RICHARDSON",2,26121
"NEBRASKA","ROCK",1,5918
"NEBRASKA","SALINE",1,31606
"NEBRASKA","SARPY",6,214074
"NEBRASKA","SAUNDERS",5,46336
"NEBRASKA","SCOTTS.BLUFF",2,90695
"NEBRASKA","SEWARD",3,38931
"NEBRASKA","SHERIDAN",1,17334
"NEBRASKA","SHERMAN",0,10235
"NEBRASKA","SIOUX",0,4587
"NEBRASKA","STANTON",0,16309
"NEBRASKA","THAYER",1,18242
"NEBRASKA","THOMAS",0,2399
"NEBRASKA","THURSTON",1,11420
"NEBRASKA","VALLEY",0,13905
"NEBRASKA","WASHINGTON",2,38770
"NEBRASKA","WAYNE",1,23661
"NEBRASKA","WEBSTER",0,11462
"NEBRASKA","WHEELER",0,2688
"NEBRASKA","YORK",1,35763
"NEVADA","CARSON.CITY",0,80184
"NEVADA","CHURCHILL",3,33002
"NEVADA","CLARK",36,1122896
"NEVADA","DOUGLAS",3,49816
"NEVADA","ELKO",1,46420
"NEVADA","ESMERALDA",0,3060
"NEVADA","EUREKA",1,3360
"NEVADA","HUMBOLDT",1,26722
"NEVADA","LANDER",1,11799
"NEVADA","LINCOLN",0,8952
"NEVADA","LYON",3,35670
"NEVADA","MINERAL",0,12847
"NEVADA","NYE",1,30986
"NEVADA","PERSHING",1,8905
"NEVADA","STOREY",0,4274
"NEVADA","WASHOE",22,488046
"NEVADA","WHITE.PINE",0,20907
"NEW.HAMPSHIRE","BELKNAP",7,105966
"NEW.HAMPSHIRE","CARROLL",3,69085
"NEW.HAMPSHIRE","CHESHIRE",7,150624
"NEW.HAMPSHIRE","COOS",1,82834
"NEW.HAMPSHIRE","GRAFTON",6,162890
"NEW.HAMPSHIRE","HILLSBOROUGH",31,687331
"NEW.HAMPSHIRE","MERRIMACK",18,240492
"NEW.HAMPSHIRE","ROCKINGHAM",17,484070
"NEW.HAMPSHIRE","STRAFFORD",11,213173
"NEW.HAMPSHIRE","SULLIVAN",4,88893
"NEW.JERSEY","ATLANTIC",24,382658
"NEW.JERSEY","BERGEN",114,1877174
"NEW.JERSEY","BURLINGTON",36,784393
"NEW.JERSEY","CAMDEN",55,959746
"NEW.JERSEY","CAPE.MAY",13,190513
"NEW.JERSEY","CUMBERLAND",12,263007
"NEW.JERSEY","ESSEX",74,1186092
"NEW.JERSEY","GLOUCESTER",23,450433
"NEW.JERSEY","HUDSON",53,1114575
"NEW.JERSEY","HUNTERDON",11,219108
"NEW.JERSEY","MERCER",27,592162
"NEW.JERSEY","MIDDLESEX",81,1344897
"NEW.JERSEY","MONMOUTH",66,1107457
"NEW.JERSEY","MORRIS",42,957695
"NEW.JERSEY","OCEAN",56,823481
"NEW.JERSEY","PASSAIC",56,914889
"NEW.JERSEY","SALEM",5,133206
"NEW.JERSEY","SOMERSET",23,470489
"NEW.JERSEY","SUSSEX",11,288815
"NEW.JERSEY","UNION",56,984929
"NEW.JERSEY","WARREN",12,201245
"NEW.MEXICO","BERNALILLO",41,992669
"NEW.MEXICO","CATRON",0,6906
"NEW.MEXICO","CHAVES",9,127168
"NEW.MEXICO","COLFAX",0,34820
"NEW.MEXICO","CURRY",5,96641
"NEW.MEXICO","DE.BACA",0,5846
"NEW.MEXICO","DONA.ANA",7,248688
"NEW.MEXICO","EDDY",5,121947
"NEW.MEXICO","GRANT",2,65635
"NEW.MEXICO","GUADALUPE",1,11019
"NEW.MEXICO","HARDING",0,2663
"NEW.MEXICO","HIDALGO",1,15284
"NEW.MEXICO","LEA",5,146796
"NEW.MEXICO","LINCOLN",2,29563
"NEW.MEXICO","LOS.ALAMOS",2,43892
"NEW.MEXICO","LUNA",2,38060
"NEW.MEXICO","MAC.KINLEY",0,44919
"NEW.MEXICO","MORA",1,11050
"NEW.MEXICO","OTERO",0,105782
"NEW.MEXICO","QUAY",0,25667
"NEW.MEXICO","RIO.ARRIBA",2,64974
"NEW.MEXICO","ROOSEVELT",2,37743
"NEW.MEXICO","SAN.JUAN",3,144767
"NEW.MEXICO","SAN.MIGUEL",4,57313
"NEW.MEXICO","SANDOVAL",2,68905
"NEW.MEXICO","SANTA.FE",4,187545
"NEW.MEXICO","SIERRA",1,21274
"NEW.MEXICO","SOCORRO",0,30403
"NEW.MEXICO","TAOS",1,47850
"NEW.MEXICO","TORRANCE",0,19227
"NEW.MEXICO","UNION",0,12190
"NEW.MEXICO","VALENCIA",4,128313
"NEW.YORK","ALBANY",25,624372
"NEW.YORK","ALLEGANY",2,125484
"NEW.YORK","BRONX",77,1664174
"NEW.YORK","BROOME",34,499053
"NEW.YORK","CATTARAUGUS",10,201328
"NEW.YORK","CAYUGA",10,187971
"NEW.YORK","CHAUTAUQUA",18,344471
"NEW.YORK","CHEMUNG",12,215685
"NEW.YORK","CHENANGO",7,119629
"NEW.YORK","CLINTON",8,193957
"NEW.YORK","COLUMBIA",10,141319
"NEW.YORK","CORTLAND",6,113368
"NEW.YORK","DELAWARE",7,112424
"NEW.YORK","DUTCHESS",36,554293
"NEW.YORK","ERIE",129,2106056
"NEW.YORK","ESSEX",12,88129
"NEW.YORK","FRANKLIN",7,102178
"NEW.YORK","FULTON",9,130189
"NEW.YORK","GENESEE",9,140877
"NEW.YORK","GREENE",7,95061
"NEW.YORK","HAMILTON",1,12321
"NEW.YORK","HERKIMER",6,159485
"NEW.YORK","JEFFERSON",11,207139
"NEW.YORK","KINGS",175,3290157
"NEW.YORK","LEWIS",2,61553
"NEW.YORK","LIVINGSTON",3,135711
"NEW.YORK","MADISON",6,158888
"NEW.YORK","MONROE",66,1501925
"NEW.YORK","MONTGOMERY",9,125157
"NEW.YORK","NASSAU",180,2901148
"NEW.YORK","NEW.YORK",111,2362771
"NEW.YORK","NIAGARA",20,502737
"NEW.YORK","ONEIDA",34,586838
"NEW.YORK","ONONDAGA",49,1016241
"NEW.YORK","ONTARIO",7,217303
"NEW.YORK","ORANGE",29,610363
"NEW.YORK","ORLEANS",5,88952
"NEW.YORK","OSWEGO",15,278288
"NEW.YORK","OTSEGO",5,138118
"NEW.YORK","PUTNAM",5,191647
"NEW.YORK","QUEENS",208,3279555
"NEW.YORK","RENSSELAER",18,356145
"NEW.YORK","RICHMOND",32,777923
"NEW.YORK","ROCKLAND",30,567599
"NEW.YORK","SAINT.LAWRENCE",11,276328
"NEW.YORK","SARATOGA",10,375908
"NEW.YORK","SCHENECTADY",11,339965
"NEW.YORK","SCHOHARIE",5,72154
"NEW.YORK","SCHUYLER",3,43284
"NEW.YORK","SENECA",2,80528
"NEW.YORK","STEUBEN",13,236494
"NEW.YORK","SUFFOLK",135,2927113
"NEW.YORK","SULLIVAN",9,148763
"NEW.YORK","TIOGA",4,121933
"NEW.YORK","TOMPKINS",7,205440
"NEW.YORK","ULSTER",28,365652
"NEW.YORK","WARREN",8,130005
"NEW.YORK","WASHINGTON",4,131362
"NEW.YORK","WAYNE",8,202608
"NEW.YORK","WESTCHESTER",100,1753548
"NEW.YORK","WYOMING",7,98043
"NEW.YORK","YATES",4,50544
"NORTH.CAROLINA","ALAMANCE",14,193368
"NORTH.CAROLINA","ALEXANDER",3,58991
"NORTH.CAROLINA","ALLEGHANY",1,22901
"NORTH.CAROLINA","ANSON",1,32017
"NORTH.CAROLINA","ASHE",2,54259
"NORTH.CAROLINA","AVERY",1,35916
"NORTH.CAROLINA","BEAUFORT",5,68042
"NORTH.CAROLINA","BERTIE",1,20262
"NORTH.CAROLINA","BLADEN",3,44117
"NORTH.CAROLINA","BRUNSWICK",5,75444
"NORTH.CAROLINA","BUNCOMBE",15,352496
"NORTH.CAROLINA","BURKE",6,164486
"NORTH.CAROLINA","CABARRUS",10,183864
"NORTH.CAROLINA","CALDWELL",8,156915
"NORTH.CAROLINA","CAMDEN",1,9781
"NORTH.CAROLINA","CARTERET",3,98905
"NORTH.CAROLINA","CASWELL",0,29941
"NORTH.CAROLINA","CATAWBA",8,235933
"NORTH.CAROLINA","CHATHAM",3,62385
"NORTH.CAROLINA","CHEROKEE",0,44691
"NORTH.CAROLINA","CHOWAN",2,17911
"NORTH.CAROLINA","CLAY",1,16669
"NORTH.CAROLINA","CLEVELAND",9,158538
"NORTH.CAROLINA","COLUMBUS",2,82603
"NORTH.CAROLINA","CRAVEN",5,138945
"NORTH.CAROLINA","CUMBERLAND",10,442160
"NORTH.CAROLINA","CURRITUCK",0,25238
"NORTH.CAROLINA","DARE",2,34461
"NORTH.CAROLINA","DAVIDSON",8,254374
"NORTH.CAROLINA","DAVIE",0,55660
"NORTH.CAROLINA","DUPLIN",2,65201
"NORTH.CAROLINA","DURHAM",9,233807
"NORTH.CAROLINA","EDGECOMBE",5,64722
"NORTH.CAROLINA","FORSYTH",17,445733
"NORTH.CAROLINA","FRANKLIN",2,45196
"NORTH.CAROLINA","GASTON",13,348908
"NORTH.CAROLINA","GATES",0,10873
"NORTH.CAROLINA","GRAHAM",0,16945
"NORTH.CAROLINA","GRANVILLE",5,49087
"NORTH.CAROLINA","GREENE",0,21897
"NORTH.CAROLINA","GUILFORD",36,564439
"NORTH.CAROLINA","HALIFAX",6,65684
"NORTH.CAROLINA","HARNETT",3,113436
"NORTH.CAROLINA","HAYWOOD",2,110563
"NORTH.CAROLINA","HENDERSON",11,140912
"NORTH.CAROLINA","HERTFORD",2,24548
"NORTH.CAROLINA","HOKE",0,22857
"NORTH.CAROLINA","HYDE",0,9484
"NORTH.CAROLINA","IREDELL",7,169066
"NORTH.CAROLINA","JACKSON",5,56917
"NORTH.CAROLINA","JOHNSTON",3,140877
"NORTH.CAROLINA","JONES",1,13327
"NORTH.CAROLINA","LEE",6,70067
"NORTH.CAROLINA","LENOIR",2,88116
"NORTH.CAROLINA","LINCOLN",4,96747
"NORTH.CAROLINA","MAC.DOWELL",4,82489
"NORTH.CAROLINA","MACON",1,50569
"NORTH.CAROLINA","MADISON",2,40930
"NORTH.CAROLINA","MARTIN",1,34369
"NORTH.CAROLINA","MECKLENBURG",25,738030
"NORTH.CAROLINA","MITCHELL",2,34625
"NORTH.CAROLINA","MONTGOMERY",3,42088
"NORTH.CAROLINA","MOORE",6,98402
"NORTH.CAROLINA","NASH",1,110665
"NORTH.CAROLINA","NEW.HANOVER",8,201751
"NORTH.CAROLINA","NORTHAMPTON",0,21415
"NORTH.CAROLINA","ONSLOW",5,278071
"NORTH.CAROLINA","ORANGE",3,154135
"NORTH.CAROLINA","PAMLICO",0,18024
"NORTH.CAROLINA","PASQUOTANK",2,43756
"NORTH.CAROLINA","PENDER",0,36039
"NORTH.CAROLINA","PERQUIMANS",1,14486
"NORTH.CAROLINA","PERSON",2,48199
"NORTH.CAROLINA","PITT",5,146976
"NORTH.CAROLINA","POLK",3,29221
"NORTH.CAROLINA","RANDOLPH",4,213526
"NORTH.CAROLINA","RICHMOND",5,77254
"NORTH.CAROLINA","ROBESON",9,96490
"NORTH.CAROLINA","ROCKINGHAM",4,160794
"NORTH.CAROLINA","ROWAN",13,205061
"NORTH.CAROLINA","RUTHERFORD",7,115562
"NORTH.CAROLINA","SAMPSON",2,76853
"NORTH.CAROLINA","SCOTLAND",3,45897
"NORTH.CAROLINA","STANLY",4,103889
"NORTH.CAROLINA","STOKES",1,77335
"NORTH.CAROLINA","SURRY",5,136571
"NORTH.CAROLINA","SWAIN",1,18887
"NORTH.CAROLINA","TRANSYLVANIA",3,55470
"NORTH.CAROLINA","TYRRELL",1,5880
"NORTH.CAROLINA","UNION",10,149244
"NORTH.CAROLINA","VANCE",1,49719
"NORTH.CAROLINA","WAKE",20,609594
"NORTH.CAROLINA","WARREN",3,14587
"NORTH.CAROLINA","WASHINGTON",1,19680
"NORTH.CAROLINA","WATAUGA",2,79797
"NORTH.CAROLINA","WAYNE",4,165045
"NORTH.CAROLINA","WILKES",11,137984
"NORTH.CAROLINA","WILSON",2,96160
"NORTH.CAROLINA","YADKIN",5,67152
"NORTH.CAROLINA","YANCEY",1,36044
"NORTH.DAKOTA","ADAMS",0,8756
"NORTH.DAKOTA","BARNES",3,33504
"NORTH.DAKOTA","BENSON",2,13862
"NORTH.DAKOTA","BILLINGS",0,3131
"NORTH.DAKOTA","BOTTINEAU",1,22837
"NORTH.DAKOTA","BOWMAN",1,10659
"NORTH.DAKOTA","BURKE",0,9544
"NORTH.DAKOTA","BURLEIGH",6,134647
"NORTH.DAKOTA","CASS",14,223266
"NORTH.DAKOTA","CAVALIER",0,18390
"NORTH.DAKOTA","DICKEY",1,17589
"NORTH.DAKOTA","DIVIDE",0,8675
"NORTH.DAKOTA","DUNN",0,11498
"NORTH.DAKOTA","EDDY",0,8605
"NORTH.DAKOTA","EMMONS",0,14482
"NORTH.DAKOTA","FOSTER",1,11228
"NORTH.DAKOTA","GOLDEN.VALLEY",0,6454
"NORTH.DAKOTA","GRAND.FORKS",11,166108
"NORTH.DAKOTA","GRANT",0,10841
"NORTH.DAKOTA","GRIGGS",0,9431
"NORTH.DAKOTA","HETTINGER",0,10301
"NORTH.DAKOTA","KIDDER",0,9554
"NORTH.DAKOTA","LA.MOURE",1,15788
"NORTH.DAKOTA","LOGAN",0,8590
"NORTH.DAKOTA","MAC.HENRY",2,19753
"NORTH.DAKOTA","MAC.INTOSH",0,11413
"NORTH.DAKOTA","MAC.KENZIE",0,18594
"NORTH.DAKOTA","MAC.LEAN",3,30238
"NORTH.DAKOTA","MERCER",3,26679
"NORTH.DAKOTA","MORTON",5,63779
"NORTH.DAKOTA","MOUNTRAIL",0,17215
"NORTH.DAKOTA","NELSON",0,12880
"NORTH.DAKOTA","OLIVER",0,6589
"NORTH.DAKOTA","PEMBINA",3,25352
"NORTH.DAKOTA","PIERCE",2,15054
"NORTH.DAKOTA","RAMSEY",1,31132
"NORTH.DAKOTA","RANSOM",3,16593
"NORTH.DAKOTA","RENVILLE",1,9224
"NORTH.DAKOTA","RICHLAND",4,49320
"NORTH.DAKOTA","ROLETTE",0,12280
"NORTH.DAKOTA","SARGENT",0,13816
"NORTH.DAKOTA","SHERIDAN",0,6786
"NORTH.DAKOTA","SIOUX",0,3245
"NORTH.DAKOTA","SLOPE",0,3009
"NORTH.DAKOTA","STARK",2,66259
"NORTH.DAKOTA","STEELE",1,7554
"NORTH.DAKOTA","STUTSMAN",3,58439
"NORTH.DAKOTA","TOWNER",0,10068
"NORTH.DAKOTA","TRAILL",2,23221
"NORTH.DAKOTA","WALSH",4,38134
"NORTH.DAKOTA","WARD",2,144779
"NORTH.DAKOTA","WELLS",2,17064
"NORTH.DAKOTA","WILLIAMS",1,63127
"OHIO","ADAMS",2,59544
"OHIO","ALLEN",14,239466
"OHIO","ASHLAND",8,110962
"OHIO","ASHTABULA",11,240099
"OHIO","ATHENS",3,136095
"OHIO","AUGLAIZE",10,104623
"OHIO","BELMONT",12,189705
"OHIO","BROWN",2,77717
"OHIO","BUTLER",36,603269
"OHIO","CARROLL",2,62979
"OHIO","CHAMPAIGN",1,79603
"OHIO","CLARK",21,324033
"OHIO","CLERMONT",7,322071
"OHIO","CLINTON",3,81540
"OHIO","COLUMBIANA",10,266952
"OHIO","COSHOCTON",4,85928
"OHIO","CRAWFORD",10,118136
"OHIO","CUYAHOGA",167,2669443
"OHIO","DARKE",4,129898
"OHIO","DEFIANCE",3,95784
"OHIO","DELAWARE",6,133449
"OHIO","ERIE",10,176509
"OHIO","FAIRFIELD",12,231003
"OHIO","FAYETTE",1,64125
"OHIO","FRANKLIN",79,1783326
"OHIO","FULTON",7,91650
"OHIO","GALLIA",5,71362
"OHIO","GEAUGA",6,182750
"OHIO","GREENE",12,294843
"OHIO","GUERNSEY",5,97680
"OHIO","HAMILTON",91,1657992
"OHIO","HANCOCK",8,154785
"OHIO","HARDIN",5,77836
"OHIO","HARRISON",1,41588
"OHIO","HENRY",3,68957
"OHIO","HIGHLAND",0,79934
"OHIO","HOCKING",1,59515
"OHIO","HOLMES",1,73764
"OHIO","HURON",8,130209
"OHIO","JACKSON",4,72604
"OHIO","JEFFERSON",6,200529
"OHIO","KNOX",6,111886
"OHIO","LAKE",17,511720
"OHIO","LAWRENCE",9,148699
"OHIO","LICKING",13,293300
"OHIO","LOGAN",5,93601
"OHIO","LORAIN",28,609029
"OHIO","LUCAS",42,959044
"OHIO","MADISON",4,80842
"OHIO","MAHONING",34,578781
"OHIO","MARION",8,157422
"OHIO","MEDINA",10,280253
"OHIO","MEIGS",2,56899
"OHIO","MERCER",6,94594
"OHIO","MIAMI",13,213366
"OHIO","MONROE",3,41656
"OHIO","MONTGOMERY",45,1131468
"OHIO","MORGAN",3,32794
"OHIO","MORROW",1,65733
"OHIO","MUSKINGUM",9,190828
"OHIO","NOBLE",0,27445
"OHIO","OTTAWA",6,96764
"OHIO","PAULDING",2,51077
"OHIO","PERRY",2,76175
"OHIO","PICKAWAY",7,105305
"OHIO","PIKE",2,57003
"OHIO","PORTAGE",17,327988
"OHIO","PREBLE",2,93502
"OHIO","PUTNAM",2,82146
"OHIO","RICHLAND",10,292331
"OHIO","ROSS",6,155806
"OHIO","SANDUSKY",8,149472
"OHIO","SCIOTO",15,195322
"OHIO","SENECA",10,145467
"OHIO","SHELBY",0,105342
"OHIO","STARK",36,841732
"OHIO","SUMMIT",61,1102348
"OHIO","TRUMBULL",36,538499
"OHIO","TUSCARAWAS",12,201580
"OHIO","UNION",1,70022
"OHIO","VAN.WERT",6,73185
"OHIO","VINTON",1,27847
"OHIO","WARREN",9,246126
"OHIO","WASHINGTON",9,153839
"OHIO","WAYNE",13,236574
"OHIO","WILLIAMS",5,89153
"OHIO","WOOD",16,256577
"OHIO","WYANDOT",2,54453
"OKLAHOMA","ADAIR",3,29253
"OKLAHOMA","ALFALFA",3,17504
"OKLAHOMA","ATOKA",0,28250
"OKLAHOMA","BEAVER",0,17119
"OKLAHOMA","BECKHAM",1,53946
"OKLAHOMA","BLAINE",1,30417
"OKLAHOMA","BRYAN",3,66530
"OKLAHOMA","CADDO",4,61536
"OKLAHOMA","CANADIAN",2,148597
"OKLAHOMA","CARTER",4,93357
"OKLAHOMA","CHEROKEE",5,54089
"OKLAHOMA","CHOCTAW",1,30715
"OKLAHOMA","CIMARRON",0,9173
"OKLAHOMA","CLEVELAND",8,345387
"OKLAHOMA","COAL",0,12617
"OKLAHOMA","COMANCHE",6,238776
"OKLAHOMA","COTTON",2,15669
"OKLAHOMA","CRAIG",4,29989
"OKLAHOMA","CREEK",9,137831
"OKLAHOMA","CUSTER",2,66057
"OKLAHOMA","DELAWARE",1,47872
"OKLAHOMA","DEWEY",5,14299
"OKLAHOMA","ELLIS",1,14695
"OKLAHOMA","GARFIELD",10,150919
"OKLAHOMA","GARVIN",2,65377
"OKLAHOMA","GRADY",10,96371
"OKLAHOMA","GRANT",0,16017
"OKLAHOMA","GREER",1,16713
"OKLAHOMA","HARMON",0,9808
"OKLAHOMA","HARPER",0,11960
"OKLAHOMA","HASKELL",5,24288
"OKLAHOMA","HUGHES",0,28514
"OKLAHOMA","JACKSON",2,68148
"OKLAHOMA","JEFFERSON",1,18968
"OKLAHOMA","JOHNSTON",1,21938
"OKLAHOMA","KAY",8,114543
"OKLAHOMA","KINGFISHER",1,36448
"OKLAHOMA","KIOWA",6,27698
"OKLAHOMA","LATIMER",0,20618
"OKLAHOMA","LE.FLORE",3,88871
"OKLAHOMA","LINCOLN",4,64247
"OKLAHOMA","LOGAN",2,59314
"OKLAHOMA","LOVE",1,17331
"OKLAHOMA","MAC.CLAIN",7,51642
"OKLAHOMA","MAC.CURTAIN",3,68085
"OKLAHOMA","MAC.INTOSH",5,31374
"OKLAHOMA","MAJOR",1,22551
"OKLAHOMA","MARSHALL",4,24149
"OKLAHOMA","MAYES",5,69595
"OKLAHOMA","MURRAY",1,28465
"OKLAHOMA","MUSKOGEE",11,126041
"OKLAHOMA","NOBLE",2,26292
"OKLAHOMA","NOWATA",3,24507
"OKLAHOMA","OKFUSKEE",3,20925
"OKLAHOMA","OKLAHOMA",53,1196645
"OKLAHOMA","OKMULGEE",4,76492
"OKLAHOMA","OSAGE",4,81262
"OKLAHOMA","OTTAWA",4,66967
"OKLAHOMA","PAWNEE",3,36033
"OKLAHOMA","PAYNE",8,151054
"OKLAHOMA","PITTSBURG",4,86892
"OKLAHOMA","PONTOTOC",3,70563
"OKLAHOMA","POTTAWATOMIE",11,125946
"OKLAHOMA","PUSHMATAHA",2,25235
"OKLAHOMA","ROGER.MILLS",0,12923
"OKLAHOMA","ROGERS",4,112038
"OKLAHOMA","SEMINOLE",3,52626
"OKLAHOMA","SEQUOYAH",6,62768
"OKLAHOMA","STEPHENS",7,104268
"OKLAHOMA","TEXAS",0,44840
"OKLAHOMA","TILLMAN",3,24907
"OKLAHOMA","TULSA",56,1021847
"OKLAHOMA","WAGONER",4,98263
"OKLAHOMA","WASHINGTON",7,113379
"OKLAHOMA","WASHITA",1,38149
"OKLAHOMA","WOODS",2,26180
"OKLAHOMA","WOODWARD",1,56811
"OREGON","BAKER",1,40152
"OREGON","BENTON",9,165370
"OREGON","CLACKAMAS",32,593181
"OREGON","CLATSOP",6,78001
"OREGON","COLUMBIA",7,88167
"OREGON","COOS",8,149958
"OREGON","CROOK",3,31940
"OREGON","CURRY",4,41540
"OREGON","DESCHUTES",5,155154
"OREGON","DOUGLAS",17,225741
"OREGON","GILLIAM",1,4928
"OREGON","GRANT",1,20134
"OREGON","HARNEY",0,18910
"OREGON","HOOD.RIVER",3,39377
"OREGON","JACKSON",13,324270
"OREGON","JEFFERSON",0,25067
"OREGON","JOSEPHINE",6,140446
"OREGON","KLAMATH",6,141373
"OREGON","LAKE",0,19125
"OREGON","LANE",19,650569
"OREGON","LINCOLN",9,86243
"OREGON","LINN",16,217301
"OREGON","MALHEUR",3,65048
"OREGON","MARION",27,497569
"OREGON","MORROW",1,19276
"OREGON","MULTNOMAH",71,1227934
"OREGON","POLK",3,107034
"OREGON","SHERMAN",1,5455
"OREGON","TILLAMOOK",5,52366
"OREGON","UMATILLA",7,144022
"OREGON","UNION",3,59193
"OREGON","WALLOWA",1,18482
"OREGON","WASCO",1,52897
"OREGON","WASHINGTON",17,605641
"OREGON","WHEELER",0,3700
"OREGON","YAMHILL",10,137089
"PENNSYLVANIA","ADAMS",11,168155
"PENNSYLVANIA","ALLEGHENY",174,3001648
"PENNSYLVANIA","ARMSTRONG",9,185554
"PENNSYLVANIA","BEAVER",25,456586
"PENNSYLVANIA","BEDFORD",1,114654
"PENNSYLVANIA","BERKS",36,732556
"PENNSYLVANIA","BLAIR",15,314573
"PENNSYLVANIA","BRADFORD",5,151348
"PENNSYLVANIA","BUCKS",39,1168161
"PENNSYLVANIA","BUTLER",15,359479
"PENNSYLVANIA","CAMBRIA",30,421206
"PENNSYLVANIA","CAMERON",2,16054
"PENNSYLVANIA","CARBON",2,128472
"PENNSYLVANIA","CENTRE",7,284466
"PENNSYLVANIA","CHESTER",34,736557
"PENNSYLVANIA","CLARION",7,104518
"PENNSYLVANIA","CLEARFIELD",10,200913
"PENNSYLVANIA","CLINTON",3,92398
"PENNSYLVANIA","COLUMBIA",9,146695
"PENNSYLVANIA","CRAWFORD",9,214332
"PENNSYLVANIA","CUMBERLAND",20,426268
"PENNSYLVANIA","DAUPHIN",23,476426
"PENNSYLVANIA","DELAWARE",62,1177794
"PENNSYLVANIA","ELK",9,92169
"PENNSYLVANIA","ERIE",35,643038
"PENNSYLVANIA","FAYETTE",21,361796
"PENNSYLVANIA","FOREST",1,12533
"PENNSYLVANIA","FRANKLIN",21,271832
"PENNSYLVANIA","FULTON",0,31721
"PENNSYLVANIA","GREENE",3,97538
"PENNSYLVANIA","HUNTINGDON",6,102478
"PENNSYLVANIA","INDIANA",13,219840
"PENNSYLVANIA","JEFFERSON",3,116260
"PENNSYLVANIA","JUNIATA",1,47712
"PENNSYLVANIA","LACKAWANNA",37,521701
"PENNSYLVANIA","LANCASTER",41,871475
"PENNSYLVANIA","LAWRENCE",14,244336
"PENNSYLVANIA","LEBANON",12,264421
"PENNSYLVANIA","LEHIGH",44,640240
"PENNSYLVANIA","LUZERNE",52,782081
"PENNSYLVANIA","LYCOMING",21,276728
"PENNSYLVANIA","MAC.KEAN",4,120341
"PENNSYLVANIA","MERCER",19,293462
"PENNSYLVANIA","MIFFLIN",19,110161
"PENNSYLVANIA","MONROE",6,170201
"PENNSYLVANIA","MONTGOMERY",81,1452002
"PENNSYLVANIA","MONTOUR",4,39400
"PENNSYLVANIA","NORTHAMPTON",37,536374
"PENNSYLVANIA","NORTHUMBERLAND",11,235520
"PENNSYLVANIA","PERRY",3,89921
"PENNSYLVANIA","PHILADELPHIA",147,2337233
"PENNSYLVANIA","PIKE",2,45368
"PENNSYLVANIA","POTTER",2,43506
"PENNSYLVANIA","SCHUYLKILL",30,374792
"PENNSYLVANIA","SNYDER",3,84396
"PENNSYLVANIA","SOMERSET",15,196243
"PENNSYLVANIA","SULLIVAN",1,15289
"PENNSYLVANIA","SUSQUEHANNA",1,92955
"PENNSYLVANIA","TIOGA",6,98231
"PENNSYLVANIA","UNION",5,80969
"PENNSYLVANIA","VENANGO",11,154470
"PENNSYLVANIA","WARREN",7,115532
"PENNSYLVANIA","WASHINGTON",29,500639
"PENNSYLVANIA","WAYNE",4,86865
"PENNSYLVANIA","WESTMORELAND",54,918793
"PENNSYLVANIA","WYOMING",3,65613
"PENNSYLVANIA","YORK",30,741362
"RHODE.ISLAND","BRISTOL",6,112853
"RHODE.ISLAND","KENT",19,365984
"RHODE.ISLAND","NEWPORT",11,193590
"RHODE.ISLAND","PROVIDENCE",83,1265359
"RHODE.ISLAND","WASHINGTON",10,226329
"SOUTH.CAROLINA","ABBEVILLE",5,37296
"SOUTH.CAROLINA","AIKEN",6,199022
"SOUTH.CAROLINA","ALLENDALE",0,9444
"SOUTH.CAROLINA","ANDERSON",23,271942
"SOUTH.CAROLINA","BAMBERG",0,18175
"SOUTH.CAROLINA","BARNWELL",1,27901
"SOUTH.CAROLINA","BEAUFORT",0,129227
"SOUTH.CAROLINA","BERKELEY",6,192460
"SOUTH.CAROLINA","CALHOUN",1,13332
"SOUTH.CAROLINA","CHARLESTON",19,483323
"SOUTH.CAROLINA","CHEROKEE",1,79762
"SOUTH.CAROLINA","CHESTER",3,44823
"SOUTH.CAROLINA","CHESTERFIELD",3,62644
"SOUTH.CAROLINA","CLARENDON",2,28861
"SOUTH.CAROLINA","COLLETON",0,42759
"SOUTH.CAROLINA","DARLINGTON",5,90496
"SOUTH.CAROLINA","DILLON",3,41503
"SOUTH.CAROLINA","DORCHESTER",3,118619
"SOUTH.CAROLINA","EDGEFIELD",2,21791
"SOUTH.CAROLINA","FAIRFIELD",1,20803
"SOUTH.CAROLINA","FLORENCE",7,166716
"SOUTH.CAROLINA","GEORGETOWN",3,59236
"SOUTH.CAROLINA","GREENVILLE",20,583635
"SOUTH.CAROLINA","GREENWOOD",6,96392
"SOUTH.CAROLINA","HAMPTON",0,20934
"SOUTH.CAROLINA","HORRY",20,214099
"SOUTH.CAROLINA","JASPER",0,15295
"SOUTH.CAROLINA","KERSHAW",1,67877
"SOUTH.CAROLINA","LANCASTER",3,98893
"SOUTH.CAROLINA","LAURENS",10,91699
"SOUTH.CAROLINA","LEE",1,17303
"SOUTH.CAROLINA","LEXINGTON",15,319023
"SOUTH.CAROLINA","MAC.CORMICK",0,7497
"SOUTH.CAROLINA","MARION",1,38042
"SOUTH.CAROLINA","MARLBORO",3,39240
"SOUTH.CAROLINA","NEWBERRY",5,52340
"SOUTH.CAROLINA","OCONEE",6,111212
"SOUTH.CAROLINA","ORANGEBURG",2,85916
"SOUTH.CAROLINA","PICKENS",5,189969
"SOUTH.CAROLINA","RICHLAND",25,404962
"SOUTH.CAROLINA","SALUDA",1,25934
"SOUTH.CAROLINA","SPARTANBURG",19,397408
"SOUTH.CAROLINA","SUMTER",3,128689
"SOUTH.CAROLINA","UNION",0,51496
"SOUTH.CAROLINA","WILLIAMSBURG",1,33911
"SOUTH.CAROLINA","YORK",10,206660
"SOUTH.DAKOTA","AURORA",1,9019
"SOUTH.DAKOTA","BEADLE",0,45230
"SOUTH.DAKOTA","BENNETT",0,4563
"SOUTH.DAKOTA","BON.HOMME",0,19029
"SOUTH.DAKOTA","BROOKINGS",2,62206
"SOUTH.DAKOTA","BROWN",8,85191
"SOUTH.DAKOTA","BRULE",0,12809
"SOUTH.DAKOTA","BUFFALO",0,1231
"SOUTH.DAKOTA","BUTTE",1,20144
"SOUTH.DAKOTA","CAMPBELL",1,5670
"SOUTH.DAKOTA","CHARLES.MIX",0,19366
"SOUTH.DAKOTA","CLARK",0,12157
"SOUTH.DAKOTA","CLAY",1,32932
"SOUTH.DAKOTA","CODINGTON",3,51090
"SOUTH.DAKOTA","CORSON",0,6742
"SOUTH.DAKOTA","CUSTER",0,15324
"SOUTH.DAKOTA","DAVISON",3,41931
"SOUTH.DAKOTA","DAY",0,18757
"SOUTH.DAKOTA","DEUEL",0,13252
"SOUTH.DAKOTA","DEWEY",1,5598
"SOUTH.DAKOTA","DOUGLAS",2,10069
"SOUTH.DAKOTA","EDMUNDS",3,12329
"SOUTH.DAKOTA","FALL.RIVER",1,19856
"SOUTH.DAKOTA","FAULK",0,8191
"SOUTH.DAKOTA","GRANT",0,22439
"SOUTH.DAKOTA","GREGORY",0,13937
"SOUTH.DAKOTA","HAKON",0,6980
"SOUTH.DAKOTA","HAMLIN",1,12895
"SOUTH.DAKOTA","HAND",2,11996
"SOUTH.DAKOTA","HANSON",2,8416
"SOUTH.DAKOTA","HARDING",0,4467
"SOUTH.DAKOTA","HUGHES",4,32061
"SOUTH.DAKOTA","HUTCHINSON",0,22578
"SOUTH.DAKOTA","HYDE",1,4584
"SOUTH.DAKOTA","JACKSON",0,4558
"SOUTH.DAKOTA","JERAULD",0,6966
"SOUTH.DAKOTA","JONES",1,3632
"SOUTH.DAKOTA","KINGSBURY",1,16147
"SOUTH.DAKOTA","LAKE",1,26104
"SOUTH.DAKOTA","LAWRENCE",1,45093
"SOUTH.DAKOTA","LINCOLN",5,34490
"SOUTH.DAKOTA","LYMAN",0,7475
"SOUTH.DAKOTA","MAC.COOK",3,15383
"SOUTH.DAKOTA","MAC.PHERSON",1,9527
"SOUTH.DAKOTA","MARSHALL",1,12592
"SOUTH.DAKOTA","MEADE",0,51846
"SOUTH.DAKOTA","MELLETTE",0,3462
"SOUTH.DAKOTA","MINER",1,8857
"SOUTH.DAKOTA","MINNEHAHA",15,263029
"SOUTH.DAKOTA","MOODY",2,15656
"SOUTH.DAKOTA","PENNINGTON",4,167852
"SOUTH.DAKOTA","PERKINS",0,11394
"SOUTH.DAKOTA","POTTER",2,8964
"SOUTH.DAKOTA","ROBERTS",2,21869
"SOUTH.DAKOTA","SANBORN",0,7950
"SOUTH.DAKOTA","SHANNON",0,1708
"SOUTH.DAKOTA","SPINK",1,21700
"SOUTH.DAKOTA","STANLEY",0,5752
"SOUTH.DAKOTA","SULLY",0,4811
"SOUTH.DAKOTA","TODD",0,3910
"SOUTH.DAKOTA","TRIPP",3,16481
"SOUTH.DAKOTA","TURNER",3,22532
"SOUTH.DAKOTA","UNION",3,26412
"SOUTH.DAKOTA","WALWORTH",0,15469
"SOUTH.DAKOTA","YANKTON",2,44224
"SOUTH.DAKOTA","ZIEBACH",0,2462
"TENNESSEE","ANDERSON",2,155023
"TENNESSEE","BEDFORD",4,60819
"TENNESSEE","BENTON",1,34639
"TENNESSEE","BLEDSOE",0,23415
"TENNESSEE","BLOUNT",15,184735
"TENNESSEE","BRADLEY",5,158213
"TENNESSEE","CAMPBELL",5,83909
"TENNESSEE","CANNON",2,24716
"TENNESSEE","CARROLL",3,59888
"TENNESSEE","CARTER",3,122449
"TENNESSEE","CHEATHAM",2,53505
"TENNESSEE","CHESTER",0,26885
"TENNESSEE","CLAIBORNE",3,60846
"TENNESSEE","CLAY",0,18523
"TENNESSEE","COCKE",3,68985
"TENNESSEE","COFFEE",6,91402
"TENNESSEE","CROCKETT",1,27606
"TENNESSEE","CUMBERLAND",3,71716
"TENNESSEE","DAVIDSON",49,881991
"TENNESSEE","DE.KALB",2,32048
"TENNESSEE","DECATUR",2,25114
"TENNESSEE","DICKSON",3,70135
"TENNESSEE","DYER",3,72248
"TENNESSEE","FAYETTE",0,31469
"TENNESSEE","FENTRESS",1,36658
"TENNESSEE","FRANKLIN",1,74694
"TENNESSEE","GIBSON",7,93498
"TENNESSEE","GILES",2,51745
"TENNESSEE","GRAINGER",0,41298
"TENNESSEE","GREENE",9,129503
"TENNESSEE","GRUNDY",2,34028
"TENNESSEE","HAMBLEN",7,118326
"TENNESSEE","HAMILTON",34,549850
"TENNESSEE","HANCOCK",2,16697
"TENNESSEE","HARDEMAN",3,35757
"TENNESSEE","HARDIN",2,51721
"TENNESSEE","HAWKINS",2,106750
"TENNESSEE","HAYWOOD",1,23626
"TENNESSEE","HENDERSON",3,47185
"TENNESSEE","HENRY",6,61818
"TENNESSEE","HICKMAN",3,36697
"TENNESSEE","HOUSTON",0,16485
"TENNESSEE","HUMPHREYS",2,37412
"TENNESSEE","JACKSON",0,22493
"TENNESSEE","JEFFERSON",0,76623
"TENNESSEE","JOHNSON",1,34241
"TENNESSEE","KNOX",31,709169
"TENNESSEE","LAKE",2,15750
"TENNESSEE","LAUDERDALE",1,40250
"TENNESSEE","LAWRENCE",3,81942
"TENNESSEE","LEWIS",2,23328
"TENNESSEE","LINCOLN",3,58239
"TENNESSEE","LOUDON",6,70000
"TENNESSEE","MAC.MINN",5,96682
"TENNESSEE","MAC.NAIRY",2,51339
"TENNESSEE","MACON",1,38458
"TENNESSEE","MADISON",9,125424
"TENNESSEE","MARION",2,57310
"TENNESSEE","MARSHALL",2,42785
"TENNESSEE","MAURY",10,103104
"TENNESSEE","MEIGS",2,18568
"TENNESSEE","MONROE",2,68712
"TENNESSEE","MONTGOMERY",10,178554
"TENNESSEE","MOORE",0,10853
"TENNESSEE","MORGAN",5,43115
"TENNESSEE","OBION",4,70865
"TENNESSEE","OVERTON",3,43116
"TENNESSEE","PERRY",0,14939
"TENNESSEE","PICKETT",1,10864
"TENNESSEE","POLK",3,33542
"TENNESSEE","PUTNAM",7,117141
"TENNESSEE","RHEA",1,57453
"TENNESSEE","ROANE",4,114002
"TENNESSEE","ROBERTSON",3,79780
"TENNESSEE","RUTHERFORD",4,198268
"TENNESSEE","SCOTT",2,47119
"TENNESSEE","SEQUATCHIE",1,21085
"TENNESSEE","SEVIER",4,105888
"TENNESSEE","SHELBY",54,1081481
"TENNESSEE","SMITH",0,34207
"TENNESSEE","STEWART",1,21285
"TENNESSEE","SULLIVAN",7,340423
"TENNESSEE","SUMNER",5,204687
"TENNESSEE","TIPTON",1,60817
"TENNESSEE","TROUSDALE",1,12459
"TENNESSEE","UNICOI",3,40202
"TENNESSEE","UNION",1,30212
"TENNESSEE","VAN.BUREN",1,11922
"TENNESSEE","WARREN",6,76429
"TENNESSEE","WASHINGTON",8,210827
"TENNESSEE","WAYNE",3,34067
"TENNESSEE","WEAKLEY",6,74551
"TENNESSEE","WHITE",3,46315
"TENNESSEE","WILLIAMSON",9,139146
"TENNESSEE","WILSON",3,129921
"TEXAS","ANDERSON",3,86231
"TEXAS","ANDREWS",1,35734
"TEXAS","ANGELINA",3,138658
"TEXAS","ARANSAS",2,37196
"TEXAS","ARCHER",1,19069
"TEXAS","ARMSTRONG",1,4848
"TEXAS","ATASCOSA",4,65738
"TEXAS","AUSTIN",8,40725
"TEXAS","BAILEY",0,19603
"TEXAS","BANDERA",1,18695
"TEXAS","BASTROP",4,59852
"TEXAS","BAYLOR",1,11599
"TEXAS","BEE",4,64635
"TEXAS","BELL",15,344448
"TEXAS","BEXAR",84,2329852
"TEXAS","BLANCO",1,11432
"TEXAS","BORDEN",0,2272
"TEXAS","BOSQUE",7,31982
"TEXAS","BOWIE",7,144641
"TEXAS","BRAZORIA",9,424472
"TEXAS","BRAZOS",10,252003
"TEXAS","BREWSTER",2,19770
"TEXAS","BRISCOE",0,5676
"TEXAS","BROOKS",1,20925
"TEXAS","BROWN",6,78855
"TEXAS","BURLESON",2,27007
"TEXAS","BURNET",4,45894
"TEXAS","CALDWELL",4,51338
"TEXAS","CALHOUN",1,49473
"TEXAS","CALLAHAN",3,28280
"TEXAS","CAMERON",14,544337
"TEXAS","CAMP",0,17513
"TEXAS","CARSON",0,17446
"TEXAS","CASS",7,57188
"TEXAS","CASTRO",0,24965
"TEXAS","CHAMBERS",1,42047
"TEXAS","CHEROKEE",5,77426
"TEXAS","CHILDRESS",0,15313
"TEXAS","CLAY",0,24027
"TEXAS","COCHRAN",1,11245
"TEXAS","COKE",1,8369
"TEXAS","COLEMAN",2,24112
"TEXAS","COLLIN",14,385691
"TEXAS","COLLINGSWORTH",1,9935
"TEXAS","COLORADO",1,40013
"TEXAS","COMAL",8,94607
"TEXAS","COMANCHE",1,31397
"TEXAS","CONCHO",0,7529
"TEXAS","COOKE",4,66942
"TEXAS","CORYELL",3,125257
"TEXAS","COTTLE",2,6337
"TEXAS","CRANE",0,12186
"TEXAS","CROCKETT",1,12194
"TEXAS","CROSBY",1,19634
"TEXAS","CULBERSON",0,8957
"TEXAS","DALLAM",0,15485
"TEXAS","DALLAS",124,3185237
"TEXAS","DAWSON",1,38016
"TEXAS","DE.WITT",2,41299
"TEXAS","DEAF.SMITH",2,50361
"TEXAS","DELTA",1,10483
"TEXAS","DENTON",13,384543
"TEXAS","DICKENS",2,7618
"TEXAS","DIMMIT",0,28746
"TEXAS","DONLEY",0,9492
"TEXAS","DUVAL",1,31955
"TEXAS","EASTLAND",1,48117
"TEXAS","ECTOR",10,305069
"TEXAS","EDWARDS",0,5325
"TEXAS","EL.PASO",43,1169902
"TEXAS","ELLIS",1,137134
"TEXAS","ERATH",1,57266
"TEXAS","FALLS",3,31941
"TEXAS","FANNIN",3,54483
"TEXAS","FAYETTE",3,45484
"TEXAS","FISHER",0,13506
"TEXAS","FLOYD",0,22018
"TEXAS","FOARD",0,4671
"TEXAS","FORT.BEND",13,314092
"TEXAS","FRANKLIN",1,16360
"TEXAS","FREESTONE",1,30037
"TEXAS","FRIO",1,33692
"TEXAS","GAINES",0,33642
"TEXAS","GALVESTON",11,413307
"TEXAS","GARZA",2,12980
"TEXAS","GILLESPIE",3,34520
"TEXAS","GLASSCOCK",0,3474
"TEXAS","GOLIAD",1,12358
"TEXAS","GONZALES",5,39364
"TEXAS","GRAY",0,63840
"TEXAS","GRAYSON",8,202167
"TEXAS","GREGG",7,212189
"TEXAS","GRIMES",3,29628
"TEXAS","GUADALUPE",6,114709
"TEXAS","HALE",7,86469
"TEXAS","HALL",0,11315
"TEXAS","HAMILTON",3,19803
"TEXAS","HANSFORD",2,15671
"TEXAS","HARDEMAN",2,13902
"TEXAS","HARDIN",7,93663
"TEXAS","HARRIS",151,5157950
"TEXAS","HARRISON",7,92488
"TEXAS","HARTLEY",0,9840
"TEXAS","HASKELL",3,17737
"TEXAS","HAYS",3,106665
"TEXAS","HEMPHILL",0,14909
"TEXAS","HENDERSON",6,100959
"TEXAS","HIDALGO",16,745721
"TEXAS","HILL",5,55025
"TEXAS","HOCKLEY",2,58391
"TEXAS","HOOD",1,49009
"TEXAS","HOPKINS",5,57836
"TEXAS","HOUSTON",3,40189
"TEXAS","HOWARD",1,83490
"TEXAS","HUDSPETH",0,7352
"TEXAS","HUNT",2,124514
"TEXAS","HUTCHINSON",3,68600
"TEXAS","IRION",0,3920
"TEXAS","JACK",0,18481
"TEXAS","JACKSON",2,30521
"TEXAS","JASPER",3,61942
"TEXAS","JEFF.DAVIS",0,4216
"TEXAS","JEFFERSON",22,432660
"TEXAS","JIM.HOGG",1,13061
"TEXAS","JIM.WELLS",5,94206
"TEXAS","JOHNSON",6,175984
"TEXAS","JONES",3,40854
"TEXAS","KARNES",0,32003
"TEXAS","KAUFMAN",3,83861
"TEXAS","KENDALL",1,27268
"TEXAS","KENEDY",0,1289
"TEXAS","KENT",0,2857
"TEXAS","KERR",5,69999
"TEXAS","KIMBLE",0,10241
"TEXAS","KING",0,1044
"TEXAS","KINNEY",0,5866
"TEXAS","KLEBERG",3,82364
"TEXAS","KNOX",3,12332
"TEXAS","LA.SALLE",0,14118
"TEXAS","LAMAR",9,86529
"TEXAS","LAMB",2,41762
"TEXAS","LAMPASAS",1,29086
"TEXAS","LAVACA",4,42831
"TEXAS","LEE",3,28131
"TEXAS","LEON",3,21408
"TEXAS","LIBERTY",10,108793
"TEXAS","LIMESTONE",2,37201
"TEXAS","LIPSCOMB",0,10320
"TEXAS","LIVE.OAK",1,24153
"TEXAS","LLANO",3,25352
"TEXAS","LOVING",0,258
"TEXAS","LUBBOCK",14,489007
"TEXAS","LYNN",0,19290
"TEXAS","MAC.CULLOCH",2,20389
"TEXAS","MAC.LENNAN",17,357867
"TEXAS","MAC.MULLEN",0,2124
"TEXAS","MADISON",0,24034
"TEXAS","MARION",0,17467
"TEXAS","MARTIN",0,12486
"TEXAS","MASON",2,8609
"TEXAS","MATAGORDA",6,81049
"TEXAS","MAVERICK",1,78651
"TEXAS","MEDINA",1,57750
"TEXAS","MENARD",0,5677
"TEXAS","MIDLAND",10,216329
"TEXAS","MILAM",5,49036
"TEXAS","MILLS",2,10962
"TEXAS","MITCHELL",4,21276
"TEXAS","MONTAGUE",3,43015
"TEXAS","MONTGOMERY",9,351250
"TEXAS","MOORE",2,42891
"TEXAS","MORRIS",1,28008
"TEXAS","MOTLEY",0,4299
"TEXAS","NACOGDOCHES",4,98105
"TEXAS","NAVARRO",5,70977
"TEXAS","NEWTON",1,25096
"TEXAS","NOLAN",5,40541
"TEXAS","NUECES",27,651745
"TEXAS","OCHILTREE",0,26911
"TEXAS","OLDHAM",0,6629
"TEXAS","ORANGE",4,193687
"TEXAS","PALO.PINTO",0,58412
"TEXAS","PANOLA",3,41743
"TEXAS","PARKER",3,115920
"TEXAS","PARMER",0,26434
"TEXAS","PECOS",0,40490
"TEXAS","POLK",5,53454
"TEXAS","POTTER",11,219491
"TEXAS","PRESIDIO",0,13099
"TEXAS","RAINS",1,12305
"TEXAS","RANDALL",5,186766
"TEXAS","REAGAN",0,11653
"TEXAS","REAL",0,6071
"TEXAS","RED.RIVER",0,30055
"TEXAS","REEVES",2,40751
"TEXAS","REFUGIO",0,21142
"TEXAS","ROBERTS",0,2875
"TEXAS","ROBERTSON",1,25561
"TEXAS","ROCKWALL",0,39031
"TEXAS","RUNNELS",2,28856
"TEXAS","RUSK",5,81154
"TEXAS","SABINE",0,18815
"TEXAS","SAN.AUGUSTINE",2,15026
"TEXAS","SAN.JACINTO",2,25475
"TEXAS","SAN.PATRICIO",5,146211
"TEXAS","SAN.SABA",4,14253
"TEXAS","SCHLEICHER",1,7644
"TEXAS","SCURRY",4,46637
"TEXAS","SHACKELFORD",1,10038
"TEXAS","SHELBY",3,43825
"TEXAS","SHERMAN",0,7911
"TEXAS","SMITH",6,257201
"TEXAS","SOMERVELL",1,11046
"TEXAS","STARR",2,74472
"TEXAS","STEPHENS",1,24145
"TEXAS","STERLING",0,3384
"TEXAS","STONEWALL",0,5605
"TEXAS","SUTTON",0,13953
"TEXAS","SWISHER",1,21532
"TEXAS","TARRANT",91,1989429
"TEXAS","TAYLOR",12,267019
"TEXAS","TERRELL",0,4101
"TEXAS","TERRY",0,34799
"TEXAS","THROCKMORTON",0,5338
"TEXAS","TITUS",3,46835
"TEXAS","TOM.GREEN",11,208378
"TEXAS","TRAVIS",38,993362
"TEXAS","TRINITY",0,20021
"TEXAS","TYLER",3,35378
"TEXAS","UPSHUR",7,63736
"TEXAS","UPTON",1,12554
"TEXAS","UVALDE",2,55703
"TEXAS","VAL.VERDE",3,91793
"TEXAS","VAN.ZANDT",7,76804
"TEXAS","VICTORIA",6,166823
"TEXAS","WALKER",0,97565
"TEXAS","WALLER",1,32228
"TEXAS","WARD",0,37466
"TEXAS","WASHINGTON",5,45594
"TEXAS","WEBB",7,261508
"TEXAS","WHARTON",2,84401
"TEXAS","WHEELER",2,17993
"TEXAS","WICHITA",15,274176
"TEXAS","WILBARGER",3,35918
"TEXAS","WILLACY",0,43376
"TEXAS","WILLIAMSON",7,202871
"TEXAS","WILSON",0,43450
"TEXAS","WINKLER",1,26709
"TEXAS","WISE",2,69644
"TEXAS","WOOD",10,56053
"TEXAS","YOAKUM",0,21630
"TEXAS","YOUNG",3,47747
"TEXAS","ZAPATA",2,18636
"TEXAS","ZAVALA",1,29344
"UTAH","BEAVER",2,11418
"UTAH","BOX.ELDER",2,82583
"UTAH","CACHE",1,150144
"UTAH","CARBON",3,56092
"UTAH","DAGGETT",0,2007
"UTAH","DAVIS",8,380661
"UTAH","DUCHESNE",0,34075
"UTAH","EMERY",1,31328
"UTAH","GARFIELD",1,9749
"UTAH","GRAND",1,19777
"UTAH","IRON",0,44321
"UTAH","JUAB",0,14092
"UTAH","KANE",0,10457
"UTAH","MILLARD",1,25418
"UTAH","MORGAN",0,12559
"UTAH","PIUTE",0,3448
"UTAH","RICH",0,5929
"UTAH","SALT.LAKE",37,1562875
"UTAH","SAN.JUAN",1,16241
"UTAH","SANPETE",4,37306
"UTAH","SEVIER",0,37691
"UTAH","SUMMIT",1,28509
"UTAH","TOOELE",3,66646
"UTAH","UINTAH",3,53979
"UTAH","UTAH",9,558698
"UTAH","WASATCH",1,22309
"UTAH","WASHINGTON",5,71306
"UTAH","WAYNE",0,5121
"UTAH","WEBER",8,357528
"VERMONT","ADDISON",5,74195
"VERMONT","BENNINGTON",6,81519
"VERMONT","CALEDONIA",0,63133
"VERMONT","CHITTENDEN",8,283548
"VERMONT","ESSEX",2,15291
"VERMONT","FRANKLIN",3,85309
"VERMONT","GRAND.ISLE",0,11606
"VERMONT","LAMOILLE",2,42337
"VERMONT","ORANGE",7,58152
"VERMONT","ORLEANS",2,57123
"VERMONT","RUTLAND",6,139046
"VERMONT","WASHINGTON",11,127576
"VERMONT","WINDHAM",4,90400
"VERMONT","WINDSOR",2,125962
"VIRGINIA","ACCOMACK",5,47258
"VIRGINIA","ALBEMARLE",3,126255
"VIRGINIA","ALEXANDRIA.CIT",7,186003
"VIRGINIA","ALLEGHANY",1,34312
"VIRGINIA","AMELIA",0,13036
"VIRGINIA","AMHERST",2,54816
"VIRGINIA","APPOMATTOX",0,22562
"VIRGINIA","ARLINGTON",13,322022
"VIRGINIA","AUGUSTA",3,118712
"VIRGINIA","BATH",0,12817
"VIRGINIA","BEDFORD",3,81555
"VIRGINIA","BEDFORD.CITY",0,11604
"VIRGINIA","BLAND",1,16421
"VIRGINIA","BOTETOURT",3,55480
"VIRGINIA","BRISTOL.CITY",1,40277
"VIRGINIA","BRUNSWICK",3,16201
"VIRGINIA","BUCHANAN",4,93496
"VIRGINIA","BUCKINGHAM",2,17179
"VIRGINIA","BUENA.VISTA.CI",0,14889
"VIRGINIA","CAMPBELL",1,95597
"VIRGINIA","CAROLINE",1,25704
"VIRGINIA","CARROLL",1,66916
"VIRGINIA","CHARLES.CITY",0,4027
"VIRGINIA","CHARLOTTE",0,18447
"VIRGINIA","CHARLOTTESVILL",2,76574
"VIRGINIA","CHESAPEAKE.CIT",7,210833
"VIRGINIA","CHESTERFIELD",9,328218
"VIRGINIA","CLARKE",0,22515
"VIRGINIA","CLIFTON.FORGE",1,9381
"VIRGINIA","COLONIAL.HEIGH",3,38326
"VIRGINIA","COVINGTON.CITY",0,16971
"VIRGINIA","CRAIG",1,9894
"VIRGINIA","CULPEPER",1,44266
"VIRGINIA","CUMBERLAND",1,11055
"VIRGINIA","DANVILLE.CITY",3,84592
"VIRGINIA","DICKENSON",2,49179
"VIRGINIA","DINWIDDIE",0,32140
"VIRGINIA","EMPORIA.CITY",1,7304
"VIRGINIA","ESSEX",3,12481
"VIRGINIA","FAIRFAX",38,1403051
"VIRGINIA","FAIRFAX.CITY",2,45080
"VIRGINIA","FALLS.CHURCH.C",1,21433
"VIRGINIA","FAUQUIER",2,79767
"VIRGINIA","FLOYD",0,28000
"VIRGINIA","FLUVANNA",2,18811
"VIRGINIA","FRANKLIN",3,79630
"VIRGINIA","FRANKLIN.CITY",0,8336
"VIRGINIA","FREDERICK",2,87392
"VIRGINIA","FREDERICKSBURG",3,28063
"VIRGINIA","GALAX.CITY",0,14417
"VIRGINIA","GILES",5,42249
"VIRGINIA","GLOUCESTER",1,46255
"VIRGINIA","GOOCHLAND",2,19632
"VIRGINIA","GRAYSON",6,39359
"VIRGINIA","GREENE",0,18760
"VIRGINIA","GREENSVILLE",0,10525
"VIRGINIA","HALIFAX",4,43647
"VIRGINIA","HAMPTON.CITY",4,200930
"VIRGINIA","HANOVER",3,111135
"VIRGINIA","HARRISONBURG.C",0,53397
"VIRGINIA","HENRICO",19,362272
"VIRGINIA","HENRY",2,107957
"VIRGINIA","HIGHLAND",1,7157
"VIRGINIA","HOPEWELL.CITY",2,44621
"VIRGINIA","ISLE.OF.WIGHT",0,33575
"VIRGINIA","JAMES.CITY",5,44987
"VIRGINIA","KING.AND.QUEEN",1,8015
"VIRGINIA","KING.GEORGE",1,20748
"VIRGINIA","KING.WILLIAM",1,15017
"VIRGINIA","LANCASTER",1,16212
"VIRGINIA","LEE",2,62816
"VIRGINIA","LEXINGTON.CITY",1,19664
"VIRGINIA","LOUDOUN",3,135468
"VIRGINIA","LOUISA",4,31507
"VIRGINIA","LUNENBERG",0,17719
"VIRGINIA","LYNCHBURG.CITY",7,114771
"VIRGINIA","MADISON",0,21247
"VIRGINIA","MANASSAS",0,37698
"VIRGINIA","MANASSAS.PARK",1,15607
"VIRGINIA","MARTINSVILLE.C",3,27104
"VIRGINIA","MATHEWS",0,16134
"VIRGINIA","MECKLENBURG",1,42899
"VIRGINIA","MIDDLESEX",0,13703
"VIRGINIA","MONTGOMERY",4,162248
"VIRGINIA","NELSON",0,23558
"VIRGINIA","NEW.KENT",0,16748
"VIRGINIA","NEWPORT.NEWS.C",11,251485
"VIRGINIA","NORFOLK.CITY",21,465690
"VIRGINIA","NORTHAMPTON",1,17077
"VIRGINIA","NORTHUMBERLAND",1,15895
"VIRGINIA","NORTON.CITY",0,10152
"VIRGINIA","NOTTOWAY",2,21255
"VIRGINIA","ORANGE",1,37292
"VIRGINIA","PAGE",2,46609
"VIRGINIA","PATRICK",0,40176
"VIRGINIA","PETERSBURG.CIT",3,33947
"VIRGINIA","PITTSYLVANIA",7,98962
"VIRGINIA","POQUOSON",0,24029
"VIRGINIA","PORTSMOUTH.CIT",9,137701
"VIRGINIA","POWHATAN",1,26400
"VIRGINIA","PRINCE.EDWARD",1,24052
"VIRGINIA","PRINCE.GEORGE",0,47557
"VIRGINIA","PRINCE.WILLIAM",9,353405
"VIRGINIA","PULASKI",3,80750
"VIRGINIA","RADFORD.CITY",1,26862
"VIRGINIA","RAPPAHANNOCK",0,13554
"VIRGINIA","RICHMOND",0,11599
"VIRGINIA","RICHMOND.CITY",16,236811
"VIRGINIA","ROANOKE",11,170842
"VIRGINIA","ROANOKE.CITY",12,178888
"VIRGINIA","ROCKBRIDGE",1,42945
"VIRGINIA","ROCKINGHAM",3,130269
"VIRGINIA","RUSSELL",1,77680
"VIRGINIA","SALEM.CITY",5,54378
"VIRGINIA","SCOTT",7,60242
"VIRGINIA","SHENANDOAH",2,67082
"VIRGINIA","SMYTH",6,78246
"VIRGINIA","SOUTH.BOSTON.C",0,9928
"VIRGINIA","SOUTHAMPTON",0,24258
"VIRGINIA","SPOTSYLVANIA",3,75665
"VIRGINIA","STAFFORD",1,102377
"VIRGINIA","STAUNTON.CITY",2,48089
"VIRGINIA","SUFFOLK.CITY",3,61409
"VIRGINIA","SURRY",0,5768
"VIRGINIA","SUSSEX",0,10335
"VIRGINIA","TAZEWELL",3,119349
"VIRGINIA","VIRGINIA.BEACH",17,622003
"VIRGINIA","WARREN",5,49860
"VIRGINIA","WASHINGTON",8,110381
"VIRGINIA","WAYNESBORO.CIT",3,38483
"VIRGINIA","WESTMORELAND",1,21515
"VIRGINIA","WILLIAMSBURG.C",1,20085
"VIRGINIA","WINCHESTER.CIT",3,41441
"VIRGINIA","WISE",8,103946
"VIRGINIA","WYTHE",2,58602
"VIRGINIA","YORK",5,74473
"WASHINGTON","ADAMS",1,32546
"WASHINGTON","ASOTIN",3,40069
"WASHINGTON","BENTON",6,274875
"WASHINGTON","CHELAN",7,113716
"WASHINGTON","CLALLAM",3,121398
"WASHINGTON","CLARK",28,472513
"WASHINGTON","COLUMBIA",0,9943
"WASHINGTON","COWLITZ",6,190405
"WASHINGTON","DOUGLAS",6,56891
"WASHINGTON","FERRY",0,12591
"WASHINGTON","FRANKLIN",4,87184
"WASHINGTON","GARFIELD",0,6122
"WASHINGTON","GRANT",4,122137
"WASHINGTON","GRAYS.HARBOR",10,155983
"WASHINGTON","ISLAND",5,111905
"WASHINGTON","JEFFERSON",4,39804
"WASHINGTON","KING",106,2856155
"WASHINGTON","KITSAP",16,371730
"WASHINGTON","KITTITAS",0,60657
"WASHINGTON","KLICKITAT",1,39563
"WASHINGTON","LEWIS",11,137502
"WASHINGTON","LINCOLN",1,23440
"WASHINGTON","MASON",4,80150
"WASHINGTON","OKANOGAN",3,71350
"WASHINGTON","PACIFIC",2,42428
"WASHINGTON","PEND.OREILLE",0,21338
"WASHINGTON","PIERCE",40,1124212
"WASHINGTON","SAN.JUAN",3,20103
"WASHINGTON","SKAGIT",12,159357
"WASHINGTON","SKAMANIA",1,19424
"WASHINGTON","SNOHOMISH",31,846507
"WASHINGTON","SPOKANE",40,809458
"WASHINGTON","STEVENS",3,70187
"WASHINGTON","THURSTON",11,304899
"WASHINGTON","WAHKIAKUM",0,9108
"WASHINGTON","WALLA.WALLA",4,116401
"WASHINGTON","WHATCOM",13,256756
"WASHINGTON","WHITMAN",1,97590
"WASHINGTON","YAKIMA",22,407858
"WEST.VIRGINIA","BARBOUR",3,39693
"WEST.VIRGINIA","BERKELEY",6,114658
"WEST.VIRGINIA","BOONE",6,74123
"WEST.VIRGINIA","BRAXTON",1,34636
"WEST.VIRGINIA","BROOKE",5,72582
"WEST.VIRGINIA","CABELL",10,238095
"WEST.VIRGINIA","CALHOUN",0,20738
"WEST.VIRGINIA","CLAY",1,27963
"WEST.VIRGINIA","DODDRIDGE",2,18806
"WEST.VIRGINIA","FAYETTE",7,128768
"WEST.VIRGINIA","GILMER",2,21331
"WEST.VIRGINIA","GRANT",0,25236
"WEST.VIRGINIA","GREENBRIER",3,86730
"WEST.VIRGINIA","HAMPSHIRE",3,36866
"WEST.VIRGINIA","HANCOCK",5,94284
"WEST.VIRGINIA","HARDY",0,24786
"WEST.VIRGINIA","HARRISON",10,180487
"WEST.VIRGINIA","JACKSON",3,64624
"WEST.VIRGINIA","JEFFERSON",3,69990
"WEST.VIRGINIA","KANAWHA",28,510811
"WEST.VIRGINIA","LEWIS",2,45079
"WEST.VIRGINIA","LINCOLN",1,58635
"WEST.VIRGINIA","LOGAN",4,117781
"WEST.VIRGINIA","MAC.DOWELL",4,99690
"WEST.VIRGINIA","MARION",7,147526
"WEST.VIRGINIA","MARSHALL",4,98676
"WEST.VIRGINIA","MASON",4,65569
"WEST.VIRGINIA","MERCER",6,162757
"WEST.VIRGINIA","MINERAL",1,64523
"WEST.VIRGINIA","MINGO",4,90703
"WEST.VIRGINIA","MONONGALIA",4,182662
"WEST.VIRGINIA","MONROE",0,30598
"WEST.VIRGINIA","MORGAN",2,26522
"WEST.VIRGINIA","NICHOLAS",2,69684
"WEST.VIRGINIA","OHIO",9,133090
"WEST.VIRGINIA","PENDLETON",0,19412
"WEST.VIRGINIA","PLEASANTS",2,19789
"WEST.VIRGINIA","POCAHONTAS",0,24090
"WEST.VIRGINIA","PRESTON",3,75138
"WEST.VIRGINIA","PUTNAM",4,95732
"WEST.VIRGINIA","RALEIGH",9,191376
"WEST.VIRGINIA","RANDOLPH",2,71175
"WEST.VIRGINIA","RITCHIE",3,27752
"WEST.VIRGINIA","ROANE",3,39000
"WEST.VIRGINIA","SUMMERS",1,34816
"WEST.VIRGINIA","TAYLOR",2,40098
"WEST.VIRGINIA","TUCKER",1,20959
"WEST.VIRGINIA","TYLER",0,27553
"WEST.VIRGINIA","UPSHUR",2,58002
"WEST.VIRGINIA","WAYNE",2,112100
"WEST.VIRGINIA","WEBSTER",2,29599
"WEST.VIRGINIA","WETZEL",1,52263
"WEST.VIRGINIA","WIRT",1,12760
"WEST.VIRGINIA","WOOD",9,217985
"WEST.VIRGINIA","WYOMING",2,85591
"WISCONSIN","ADAMS",1,35104
"WISCONSIN","ASHLAND",2,38803
"WISCONSIN","BARRON",7,97225
"WISCONSIN","BAYFIELD",0,32926
"WISCONSIN","BROWN",21,423608
"WISCONSIN","BUFFALO",2,36046
"WISCONSIN","BURNETT",2,30195
"WISCONSIN","CALUMET",3,78004
"WISCONSIN","CHIPPEWA",5,130281
"WISCONSIN","CLARK",6,82653
"WISCONSIN","COLUMBIA",7,106360
"WISCONSIN","CRAWFORD",2,41245
"WISCONSIN","DANE",33,777139
"WISCONSIN","DODGE",13,184989
"WISCONSIN","DOOR",4,62791
"WISCONSIN","DOUGLAS",12,105866
"WISCONSIN","DUNN",2,84974
"WISCONSIN","EAU.CLAIRE",5,188051
"WISCONSIN","FLORENCE",2,10572
"WISCONSIN","FOND.DU.LAC",9,212787
"WISCONSIN","FOREST",2,21492
"WISCONSIN","GRANT",6,129227
"WISCONSIN","GREEN",5,73481
"WISCONSIN","GREEN.LAKE",2,45532
"WISCONSIN","IOWA",3,50418
"WISCONSIN","IRON",1,16121
"WISCONSIN","JACKSON",4,41300
"WISCONSIN","JEFFERSON",7,163546
"WISCONSIN","JUNEAU",4,51731
"WISCONSIN","KENOSHA",18,287998
"WISCONSIN","KEWAUNEE",1,49715
"WISCONSIN","LA.CROSSE",11,216703
"WISCONSIN","LAFAYETTE",4,43330
"WISCONSIN","LANGLADE",2,48706
"WISCONSIN","LINCOLN",5,66049
"WISCONSIN","MANITOWOC",15,200982
"WISCONSIN","MARATHON",8,272645
"WISCONSIN","MARINETTE",10,97195
"WISCONSIN","MARQUETTE",3,29676
"WISCONSIN","MENOMINEE",0,939
"WISCONSIN","MILWAUKEE",99,1875874
"WISCONSIN","MONROE",5,88528
"WISCONSIN","OCONTO",7,72018
"WISCONSIN","ONEIDA",3,76737
"WISCONSIN","OUTAGAMIE",15,314356
"WISCONSIN","OZAUKEE",8,164383
"WISCONSIN","PEPIN",1,18542
"WISCONSIN","PIERCE",3,79424
"WISCONSIN","POLK",4,82343
"WISCONSIN","PORTAGE",4,142773
"WISCONSIN","PRICE",1,40128
"WISCONSIN","RACINE",21,380453
"WISCONSIN","RICHLAND",3,43314
"WISCONSIN","ROCK",11,323692
"WISCONSIN","RUSK",1,38392
"WISCONSIN","SAINT.CROIX",3,110371
"WISCONSIN","SAUK",5,108042
"WISCONSIN","SAWYER",1,29764
"WISCONSIN","SHAWANO",4,86764
"WISCONSIN","SHEBOYGAN",16,244470
"WISCONSIN","TAYLOR",0,48376
"WISCONSIN","TREMPEALEAU",4,65496
"WISCONSIN","VERNON",7,64887
"WISCONSIN","VILAS",2,38662
"WISCONSIN","WALWORTH",7,173098
"WISCONSIN","WASHBURN",3,33016
"WISCONSIN","WASHINGTON",8,210326
"WISCONSIN","WAUKESHA",23,685986
"WISCONSIN","WAUPACA",8,107080
"WISCONSIN","WAUSHARA",5,45859
"WISCONSIN","WINNEBAGO",21,316290
"WISCONSIN","WOOD",13,177733
"WYOMING","ALBANY",2,76313
"WYOMING","BIG.HORN",0,31052
"WYOMING","CAMPBELL",1,78412
"WYOMING","CARBON",0,56011
"WYOMING","CONVERSE",0,36838
"WYOMING","CROOK",0,14285
"WYOMING","FREMONT",1,86021
"WYOMING","GOSHEN",3,30078
"WYOMING","HOT.SPRINGS",0,14297
"WYOMING","JOHNSON",1,17275
"WYOMING","LARAMIE",6,170569
"WYOMING","LINCOLN",0,34455
"WYOMING","NATRONA",10,185667
"WYOMING","NIOBRARA",1,7452
"WYOMING","PARK",2,56645
"WYOMING","PLATTE",1,27203
"WYOMING","SHERIDAN",8,64376
"WYOMING","SUBLETTE",0,12939
"WYOMING","SWEETWATER",1,112222
"WYOMING","TETON",0,26308
"WYOMING","UINTA",1,48096
"WYOMING","WASHAKIE",0,24961
"WYOMING","WESTON",1,18973
